Index,date,volume,rate,prediction
1,2018-02-01,9959400448,9170.54,Fear
2,2018-02-02,12726899712,8830.75,Extreme Fear
3,2018-02-03,7263790080,9174.91,Fear
4,2018-02-04,7073549824,8277.01,Extreme Fear
5,2018-02-05,9285289984,6955.27,Extreme Fear
6,2018-02-06,13999800320,7754.00,Extreme Fear
7,2018-02-07,9169280000,7621.30,Fear
8,2018-02-08,9346750464,8265.59,Fear
9,2018-02-09,6784820224,8736.98,Fear
10,2018-02-10,7780960256,8621.90,Neutral
11,2018-02-11,6122189824,8129.97,Fear
12,2018-02-12,6256439808,8926.57,Fear
13,2018-02-13,5696719872,8598.31,Fear
14,2018-02-14,7909819904,9494.63,Greed
15,2018-02-15,9062540288,10166.40,Greed
16,2018-02-16,7296159744,10233.90,Greed
17,2018-02-17,8660880384,11112.70,Greed
18,2018-02-18,8744009728,10551.80,Greed
19,2018-02-19,7652089856,11225.30,Greed
20,2018-02-20,9926540288,11403.70,Greed
21,2018-02-21,9405339648,10690.40,Neutral
22,2018-02-22,8040079872,10005.00,Fear
23,2018-02-23,7739500032,10301.10,Fear
24,2018-02-24,6917929984,9813.07,Fear
25,2018-02-25,5706939904,9664.73,Fear
26,2018-02-26,7287690240,10366.70,Fear
27,2018-02-27,6966179840,10725.60,Fear
28,2018-02-28,6936189952,10397.90,Fear
29,2018-03-01,7317279744,10951.00,Fear
30,2018-03-02,7620590080,11086.40,Neutral
31,2018-03-03,6690570240,11489.70,Greed
32,2018-03-04,6084149760,11512.60,Fear
33,2018-03-05,6468539904,11573.30,Greed
34,2018-03-06,6832169984,10779.90,Greed
35,2018-03-07,8797910016,9965.57,Fear
36,2018-03-08,7186089984,9395.01,Fear
37,2018-03-09,8704190464,9337.55,Fear
38,2018-03-10,5386319872,8866.00,Fear
39,2018-03-11,6296370176,9578.63,Fear
40,2018-03-12,6457399808,9205.12,Fear
41,2018-03-13,5991139840,9194.85,Fear
42,2018-03-14,6438230016,8269.81,Fear
43,2018-03-15,6834429952,8300.86,Fear
44,2018-03-16,5289379840,8338.35,Fear
45,2018-03-17,4426149888,7916.88,Fear
46,2018-03-18,6639190016,8223.68,Fear
47,2018-03-19,6729110016,8630.65,Fear
48,2018-03-20,6361789952,8913.47,Fear
49,2018-03-21,6043129856,8929.28,Fear
50,2018-03-22,5530390016,8728.47,Fear
51,2018-03-23,5954120192,8879.62,Fear
52,2018-03-24,5664600064,8668.12,Fear
53,2018-03-25,4569880064,8495.78,Fear
54,2018-03-26,5921039872,8209.40,Fear
55,2018-03-27,5378250240,7833.04,Extreme Fear
56,2018-03-28,4935289856,7954.48,Extreme Fear
57,2018-03-29,6361229824,7165.70,Extreme Fear
58,2018-03-30,6289509888,6890.52,Extreme Fear
59,2018-03-31,4553269760,6973.53,Extreme Fear
60,2018-04-01,4532100096,6844.23,Extreme Fear
61,2018-04-02,4333440000,7083.80,Extreme Fear
62,2018-04-03,5499700224,7456.11,Extreme Fear
63,2018-04-04,4936000000,6853.84,Extreme Fear
64,2018-04-05,5639320064,6811.47,Extreme Fear
65,2018-04-06,3766810112,6636.32,Extreme Fear
66,2018-04-07,3976610048,6911.09,Extreme Fear
67,2018-04-08,3652499968,7023.52,Extreme Fear
68,2018-04-09,4894060032,6770.73,Extreme Fear
69,2018-04-10,4272750080,6834.76,Extreme Fear
70,2018-04-11,4641889792,6968.32,Extreme Fear
71,2018-04-12,8906250240,7889.25,Extreme Fear
72,2018-04-13,7764460032,7895.96,Extreme Fear
73,2018-04-14,5191430144,7986.24,Fear
74,2018-04-15,5244480000,8329.11,Fear
75,2018-04-16,5631309824,8058.67,Fear
76,2018-04-17,6900879872,7902.09,Fear
77,2018-04-18,6529909760,8163.42,Extreme Fear
78,2018-04-19,7063209984,8294.31,Extreme Fear
79,2018-04-20,8438110208,8845.83,Fear
80,2018-04-21,7548550144,8895.58,Fear
81,2018-04-22,6629899776,8802.46,Fear
82,2018-04-23,6925190144,8930.88,Fear
83,2018-04-24,10678800384,9697.50,Fear
84,2018-04-25,11083100160,8845.74,Greed
85,2018-04-26,8970559488,9281.51,Neutral
86,2018-04-27,7566289920,8987.05,Greed
87,2018-04-28,7805479936,9348.48,Neutral
88,2018-04-29,8853000192,9419.08,Greed
89,2018-04-30,8673920000,9240.55,Greed
90,2018-05-01,7713019904,9119.01,Greed
91,2018-05-02,7558159872,9235.92,Neutral
92,2018-05-03,10207299584,9743.86,Greed
93,2018-05-04,8217829888,9700.76,Greed
94,2018-05-05,7651939840,9858.15,Greed
95,2018-05-06,7222280192,9654.80,Greed
96,2018-05-07,7394019840,9373.01,Greed
97,2018-05-08,7415869952,9234.82,Greed
98,2018-05-09,7226890240,9325.18,Neutral
99,2018-05-10,6906699776,9043.94,Greed
100,2018-05-11,8488520192,8441.49,Fear
101,2018-05-12,6821380096,8504.89,Fear
102,2018-05-13,5866379776,8723.94,Fear
103,2018-05-14,7364149760,8716.79,Fear
104,2018-05-15,6705710080,8510.38,Fear
105,2018-05-16,6760220160,8368.83,Fear
106,2018-05-17,5862530048,8094.32,Fear
107,2018-05-18,5764190208,8250.97,Fear
108,2018-05-19,4712399872,8247.18,Fear
109,2018-05-20,5191059968,8513.25,Fear
110,2018-05-21,5154990080,8418.99,Fear
111,2018-05-22,5137010176,8041.78,Fear
112,2018-05-23,6491120128,7557.82,Fear
113,2018-05-24,6049220096,7587.34,Fear
114,2018-05-25,4867829760,7480.14,Extreme Fear
115,2018-05-26,4051539968,7355.88,Extreme Fear
116,2018-05-27,4056519936,7368.22,Extreme Fear
117,2018-05-28,5040600064,7135.99,Extreme Fear
118,2018-05-29,5662660096,7472.59,Extreme Fear
119,2018-05-30,4922540032,7406.52,Fear
120,2018-05-31,5127130112,7494.17,Extreme Fear
121,2018-06-01,4921460224,7541.45,Extreme Fear
122,2018-06-02,4939299840,7643.45,Fear
123,2018-06-03,4851760128,7720.25,Fear
124,2018-06-04,4993169920,7514.47,Fear
125,2018-06-05,4961739776,7633.76,Fear
126,2018-06-06,4692259840,7653.98,Fear
127,2018-06-07,4485799936,7678.24,Fear
128,2018-06-08,4227579904,7624.92,Fear
129,2018-06-09,3845220096,7531.98,Fear
130,2018-06-10,5804839936,6786.02,Extreme Fear
131,2018-06-11,4745269760,6906.92,Extreme Fear
132,2018-06-12,4654380032,6582.36,Extreme Fear
133,2018-06-13,5052349952,6349.90,Extreme Fear
134,2018-06-14,5138710016,6675.35,Extreme Fear
135,2018-06-15,3955389952,6456.58,Fear
136,2018-06-16,3194170112,6550.16,Extreme Fear
137,2018-06-17,3104019968,6499.27,Extreme Fear
138,2018-06-18,4039200000,6734.82,Fear
139,2018-06-19,4057029888,6769.94,Fear
140,2018-06-20,3888640000,6776.55,Fear
141,2018-06-21,3529129984,6729.74,Fear
142,2018-06-22,5079810048,6083.69,Fear
143,2018-06-23,3431360000,6162.48,Extreme Fear
144,2018-06-24,4566909952,6173.23,Extreme Fear
145,2018-06-25,5500810240,6249.18,Extreme Fear
146,2018-06-26,3279759872,6093.67,Extreme Fear
147,2018-06-27,3296219904,6157.13,Extreme Fear
148,2018-06-28,3467800064,5903.44,Extreme Fear
149,2018-06-29,3966230016,6218.30,Extreme Fear
150,2018-06-30,4543860224,6404.00,Extreme Fear
151,2018-07-01,4788259840,6385.82,Fear
152,2018-07-02,4396930048,6614.18,Fear
153,2018-07-03,4672309760,6529.59,Fear
154,2018-07-04,4176689920,6597.55,Fear
155,2018-07-05,4999240192,6639.14,Fear
156,2018-07-06,4313959936,6673.50,Fear
157,2018-07-07,3961080064,6856.93,Fear
158,2018-07-08,3386210048,6773.88,Fear
159,2018-07-09,3718129920,6741.75,Fear
160,2018-07-10,4052430080,6329.95,Fear
161,2018-07-11,3644859904,6394.71,Fear
162,2018-07-12,3770170112,6228.81,Fear
163,2018-07-13,3805400064,6238.05,Fear
164,2018-07-14,2923670016,6276.12,Fear
165,2018-07-15,3285459968,6359.64,Fear
166,2018-07-16,4725799936,6741.75,Fear
167,2018-07-17,5961950208,7321.04,Fear
168,2018-07-18,6103410176,7370.78,Fear
169,2018-07-19,5111629824,7466.86,Fear
170,2018-07-20,4936869888,7354.13,Neutral
171,2018-07-21,3726609920,7419.29,Fear
172,2018-07-22,3695460096,7418.49,Fear
173,2018-07-23,5132480000,7711.11,Fear
174,2018-07-24,7277689856,8424.27,Neutral
175,2018-07-25,5845400064,8181.39,Neutral
176,2018-07-26,4899089920,7951.58,Neutral
177,2018-07-27,5195879936,8165.01,Neutral
178,2018-07-28,3988750080,8192.15,Neutral
179,2018-07-29,4107190016,8218.46,Neutral
180,2018-07-30,5551400000,8180.48,Neutral
181,2018-07-31,5287530000,7780.44,Neutral
182,2018-08-01,4797620000,7624.91,Fear
183,2018-08-02,4214110000,7567.15,Fear
184,2018-08-03,4627150000,7434.39,Fear
185,2018-08-04,4268390000,7032.85,Fear
186,2018-08-05,3679110000,7068.48,Extreme Fear
187,2018-08-06,3925900000,6951.80,Extreme Fear
188,2018-08-07,4682800000,6753.12,Extreme Fear
189,2018-08-08,5064430000,6305.80,Extreme Fear
190,2018-08-09,4267040000,6568.23,Extreme Fear
191,2018-08-10,4528680000,6184.71,Extreme Fear
192,2018-08-11,4047850000,6295.73,Extreme Fear
193,2018-08-12,5665250000,6322.69,Extreme Fear
194,2018-08-13,4083980000,6297.57,Extreme Fear
195,2018-08-14,5301700000,6199.71,Extreme Fear
196,2018-08-15,4895450000,6308.52,Extreme Fear
197,2018-08-16,4328420000,6334.73,Extreme Fear
198,2018-08-17,4992990000,6580.63,Extreme Fear
199,2018-08-18,3984520000,6423.76,Extreme Fear
200,2018-08-19,3311170000,6506.07,Fear
201,2018-08-20,3665100000,6308.53,Fear
202,2018-08-21,3377180000,6488.76,Extreme Fear
203,2018-08-22,4668110000,6376.71,Extreme Fear
204,2018-08-23,3426180000,6534.88,Extreme Fear
205,2018-08-24,4097820000,6719.96,Extreme Fear
206,2018-08-25,3312600000,6763.19,Extreme Fear
207,2018-08-26,3295500000,6707.26,Extreme Fear
208,2018-08-27,4019000000,6884.64,Extreme Fear
209,2018-08-28,4659940000,7096.28,Extreme Fear
210,2018-08-29,4145880000,7047.16,Extreme Fear
211,2018-08-30,4463250000,6978.23,Extreme Fear
212,2018-08-31,4495650000,7037.58,Extreme Fear
213,2018-09-01,4116050000,7193.25,Extreme Fear
214,2018-09-02,4329540000,7272.72,Extreme Fear
215,2018-09-03,4087760000,7260.06,Extreme Fear
216,2018-09-04,4273640000,7361.66,Fear
217,2018-09-05,5800460000,6792.83,Extreme Fear
218,2018-09-06,5523470000,6529.17,Extreme Fear
219,2018-09-07,4264680000,6467.07,Extreme Fear
220,2018-09-08,3835060000,6225.98,Extreme Fear
221,2018-09-09,3671890000,6300.86,Extreme Fear
222,2018-09-10,3714100000,6329.70,Extreme Fear
223,2018-09-11,3849910000,6321.20,Extreme Fear
224,2018-09-12,4064230000,6351.80,Extreme Fear
225,2018-09-13,4210910000,6517.31,Extreme Fear
226,2018-09-14,4076220000,6512.71,Extreme Fear
227,2018-09-15,3216300000,6543.20,Extreme Fear
228,2018-09-16,3273730000,6517.18,Fear
229,2018-09-17,3910780000,6281.20,Extreme Fear
230,2018-09-18,4180090000,6371.30,Extreme Fear
231,2018-09-19,4431340000,6398.54,Extreme Fear
232,2018-09-20,4348110000,6519.67,Extreme Fear
233,2018-09-21,6531940000,6734.95,Fear
234,2018-09-22,4509660000,6721.98,Fear
235,2018-09-23,4197500000,6710.63,Fear
236,2018-09-24,4177310000,6595.41,Fear
237,2018-09-25,4726180000,6446.47,Fear
238,2018-09-26,4437300000,6495.00,Fear
239,2018-09-27,4606810000,6676.75,Fear
240,2018-09-28,5014430000,6644.13,Fear
241,2018-09-29,4363690000,6601.96,Fear
242,2018-09-30,4002280000,6625.56,Fear
243,2018-10-01,4000970000,6589.62,Fear
244,2018-10-02,3979260000,6556.10,Fear
245,2018-10-03,3887310000,6502.59,Fear
246,2018-10-04,3838410000,6576.69,Fear
247,2018-10-05,3671500000,6622.48,Fear
248,2018-10-06,3259740000,6588.31,Fear
249,2018-10-07,3306630000,6602.95,Fear
250,2018-10-08,3979460000,6652.23,Fear
251,2018-10-09,3580810000,6642.64,Fear
252,2018-10-10,3787650000,6585.53,Fear
253,2018-10-11,5181640000,6256.24,Extreme Fear
254,2018-10-12,3783500000,6274.58,Extreme Fear
255,2018-10-13,3064030000,6285.99,Extreme Fear
256,2018-10-14,3085320000,6290.93,Extreme Fear
257,2018-10-15,7370770000,6596.54,Extreme Fear
258,2018-10-16,4074800000,6596.11,Extreme Fear
259,2018-10-17,4088420000,6544.43,Extreme Fear
260,2018-10-18,3924080000,6476.71,Fear
261,2018-10-19,3578870000,6465.41,Extreme Fear
262,2018-10-20,3379130000,6489.19,Extreme Fear
263,2018-10-21,3253610000,6482.35,Extreme Fear
264,2018-10-22,3672860000,6487.16,Fear
265,2018-10-23,3716150000,6475.74,Extreme Fear
266,2018-10-24,3424670000,6495.84,Extreme Fear
267,2018-10-25,3230550000,6476.29,Extreme Fear
268,2018-10-26,3306050000,6474.75,Fear
269,2018-10-27,3393250000,6480.38,Fear
270,2018-10-28,3445190000,6486.39,Fear
271,2018-10-29,4199910000,6332.63,Fear
272,2018-10-30,3781100000,6334.27,Fear
273,2018-10-31,4191240000,6317.61,Fear
274,2018-11-01,3789400000,6377.78,Fear
275,2018-11-02,4234870000,6388.44,Fear
276,2018-11-03,3658640000,6361.26,Fear
277,2018-11-04,4390020000,6376.13,Fear
278,2018-11-05,4174800000,6419.66,Fear
279,2018-11-06,4700040000,6461.01,Fear
280,2018-11-07,4941260000,6530.14,Neutral
281,2018-11-08,4665260000,6453.72,Neutral
282,2018-11-09,4346820000,6385.62,Neutral
283,2018-11-10,3705320000,6409.22,Neutral
284,2018-11-11,3939060000,6411.27,Neutral
285,2018-11-12,4295770000,6371.27,Neutral
286,2018-11-13,4503800000,6359.49,Greed
287,2018-11-14,7398940000,5738.35,Neutral
288,2018-11-15,7032140000,5648.03,Fear
289,2018-11-16,5279320000,5575.55,Extreme Fear
290,2018-11-17,4303150000,5554.33,Extreme Fear
291,2018-11-18,4159680000,5623.54,Fear
292,2018-11-19,7039560000,4871.49,Fear
293,2018-11-20,8428290000,4451.87,Extreme Fear
294,2018-11-21,6120120000,4602.17,Extreme Fear
295,2018-11-22,4569370000,4365.94,Extreme Fear
296,2018-11-23,4871490000,4347.11,Extreme Fear
297,2018-11-24,4679500000,3880.76,Extreme Fear
298,2018-11-25,6825640000,4009.97,Extreme Fear
299,2018-11-26,6476900000,3779.13,Extreme Fear
300,2018-11-27,5998720000,3820.72,Extreme Fear
301,2018-11-28,7280280000,4257.42,Extreme Fear
302,2018-11-29,6503347767,4278.85,Extreme Fear
303,2018-11-30,6048016717,4017.27,Extreme Fear
304,2018-12-01,5375314093,4214.67,Extreme Fear
305,2018-12-02,5262697895,4139.88,Extreme Fear
306,2018-12-03,5089570994,3894.13,Extreme Fear
307,2018-12-04,5028069239,3956.89,Extreme Fear
308,2018-12-05,5302481574,3753.99,Extreme Fear
309,2018-12-06,5878333109,3521.10,Extreme Fear
310,2018-12-07,6835615448,3419.94,Extreme Fear
311,2018-12-08,5305024497,3476.11,Extreme Fear
312,2018-12-09,4947372847,3614.23,Extreme Fear
313,2018-12-10,5020968740,3502.66,Extreme Fear
314,2018-12-11,4696765188,3424.59,Extreme Fear
315,2018-12-12,4139364829,3486.95,Extreme Fear
316,2018-12-13,4343372456,3313.68,Extreme Fear
317,2018-12-14,4372763663,3242.48,Extreme Fear
318,2018-12-15,3551763561,3236.76,Extreme Fear
319,2018-12-16,3744248994,3252.84,Extreme Fear
320,2018-12-17,5409247918,3545.86,Extreme Fear
321,2018-12-18,5911325473,3696.06,Extreme Fear
322,2018-12-19,6810689119,3745.95,Extreme Fear
323,2018-12-20,8927129279,4134.44,Fear
324,2018-12-21,7206015706,3896.54,Fear
325,2018-12-22,5605823233,4014.18,Fear
326,2018-12-23,6151275490,3998.98,Fear
327,2018-12-24,7240968501,4078.60,Extreme Fear
328,2018-12-25,6158207293,3815.49,Fear
329,2018-12-26,5326547918,3857.30,Fear
330,2018-12-27,5130222366,3654.83,Fear
331,2018-12-28,5631554348,3923.92,Extreme Fear
332,2018-12-29,4991655917,3820.41,Extreme Fear
333,2018-12-30,4770578575,3865.95,Extreme Fear
334,2018-12-31,4661840806,3742.70,Fear
335,2019-01-01,4324200990,3843.52,Extreme Fear
336,2019-01-02,5244856836,3943.41,Fear
337,2019-01-03,4530215219,3836.74,Fear
338,2019-01-04,4847965467,3857.72,Neutral
339,2019-01-05,5137609824,3845.19,Fear
340,2019-01-06,5597027440,4076.63,Fear
341,2019-01-07,5228625637,4025.25,Fear
342,2019-01-08,5306593305,4030.85,Fear
343,2019-01-09,5115905225,4035.30,Fear
344,2019-01-10,6874143796,3678.92,Fear
345,2019-01-11,5538712865,3687.37,Extreme Fear
346,2019-01-12,4778170883,3661.30,Extreme Fear
347,2019-01-13,4681302466,3552.95,Extreme Fear
348,2019-01-14,5651384490,3706.05,Extreme Fear
349,2019-01-15,5537192302,3630.68,Fear
350,2019-01-16,5394457145,3655.01,Extreme Fear
351,2019-01-17,5464420383,3678.56,Fear
352,2019-01-18,5002961727,3657.84,Fear
353,2019-01-19,5955691380,3728.57,Fear
354,2019-01-20,5582489560,3601.01,Fear
355,2019-01-21,5004347059,3576.03,Fear
356,2019-01-22,5313623556,3604.58,Fear
357,2019-01-23,5433755649,3585.12,Fear
358,2019-01-24,5262869046,3600.87,Fear
359,2019-01-25,5265847539,3599.77,Fear
360,2019-01-26,5098183235,3602.46,Fear
361,2019-01-27,5570752966,3583.97,Fear
362,2019-01-28,6908930483,3470.45,Fear
363,2019-01-29,5897159493,3448.12,Extreme Fear
364,2019-01-30,5955112627,3486.18,Extreme Fear
365,2019-01-31,5831198271,3457.79,Extreme Fear
366,2019-02-01,5422926707,3487.95,Extreme Fear
367,2019-02-02,5071623601,3521.06,Extreme Fear
368,2019-02-03,5043937584,3464.01,Extreme Fear
369,2019-02-04,5332718886,3459.15,Fear
370,2019-02-05,5227549545,3466.36,Extreme Fear
371,2019-02-06,5482196038,3413.77,Extreme Fear
372,2019-02-07,5004962683,3399.47,Extreme Fear
373,2019-02-08,7735623101,3666.78,Fear
374,2019-02-09,6158833645,3671.20,Fear
375,2019-02-10,6282256903,3690.19,Fear
376,2019-02-11,6277056434,3648.43,Fear
377,2019-02-12,6480384532,3653.53,Fear
378,2019-02-13,6438903823,3632.07,Neutral
379,2019-02-14,6271044418,3616.88,Neutral
380,2019-02-15,6091952231,3620.81,Fear
381,2019-02-16,5934744052,3629.79,Fear
382,2019-02-17,7039512503,3673.84,Fear
383,2019-02-18,9908216640,3915.71,Greed
384,2019-02-19,9933626655,3947.09,Greed
385,2019-02-20,8693373948,3999.82,Greed
386,2019-02-21,7775128102,3954.12,Greed
387,2019-02-22,7826525254,4005.53,Greed
388,2019-02-23,8922258316,4142.53,Greed
389,2019-02-24,10794227451,3810.43,Greed
390,2019-02-25,9318796067,3882.70,Neutral
391,2019-02-26,7931218996,3854.36,Fear
392,2019-02-27,8301309684,3851.05,Fear
393,2019-02-28,8399767798,3854.79,Fear
394,2019-03-01,7661247975,3859.58,Fear
395,2019-03-02,7578786076,3864.42,Fear
396,2019-03-03,7253558152,3847.18,Fear
397,2019-03-04,9029175788,3761.56,Fear
398,2019-03-05,10174126415,3896.38,Fear
399,2019-03-06,9175291529,3903.94,Fear
400,2019-03-07,9584165519,3911.48,Greed
401,2019-03-08,10638638944,3901.13,Neutral
402,2019-03-09,10796103518,3963.31,Greed
403,2019-03-10,9713267607,3951.60,Greed
404,2019-03-11,10125901903,3905.23,Greed
405,2019-03-12,9809887079,3909.16,Greed
406,2019-03-13,9469184841,3906.72,Neutral
407,2019-03-14,10480789570,3924.37,Greed
408,2019-03-15,9394210605,3960.91,Greed
409,2019-03-16,9856166973,4048.73,Neutral
410,2019-03-17,8221625400,4025.23,Greed
411,2019-03-18,9646954186,4032.51,Greed
412,2019-03-19,9344919956,4071.19,Greed
413,2019-03-20,10175916388,4087.48,Greed
414,2019-03-21,10831212662,4029.33,Greed
415,2019-03-22,9252935969,4023.97,Greed
416,2019-03-23,9578850549,4035.83,Neutral
417,2019-03-24,9144851065,4022.17,Fear
418,2019-03-25,10359818883,3963.07,Fear
419,2019-03-26,10707678815,3985.08,Fear
420,2019-03-27,10897131934,4087.07,Fear
421,2019-03-28,9353915899,4069.11,Neutral
422,2019-03-29,10918665557,4098.37,Neutral
423,2019-03-30,9732688060,4106.66,Greed
424,2019-03-31,9045122443,4105.40,Greed
425,2019-04-01,10157794171,4158.18,Greed
426,2019-04-02,21315047816,4879.88,Greed
427,2019-04-03,22899891582,4973.02,Greed
428,2019-04-04,18251810240,4922.80,Greed
429,2019-04-05,16837325387,5036.68,Greed
430,2019-04-06,16929795194,5059.82,Greed
431,2019-04-07,16655416140,5198.90,Greed
432,2019-04-08,17154113634,5289.77,Greed
433,2019-04-09,14722104361,5204.96,Greed
434,2019-04-10,15504590933,5324.55,Greed
435,2019-04-11,16555616019,5064.49,Greed
436,2019-04-12,13675206312,5089.54,Fear
437,2019-04-13,10823289598,5096.59,Greed
438,2019-04-14,10391952498,5167.72,Neutral
439,2019-04-15,12290155061,5067.11,Greed
440,2019-04-16,11618660197,5235.56,Neutral
441,2019-04-17,12438480677,5251.94,Greed
442,2019-04-18,13256489918,5298.39,Greed
443,2019-04-19,13780238655,5303.81,Greed
444,2019-04-20,13169647522,5337.89,Greed
445,2019-04-21,13731844223,5314.53,Greed
446,2019-04-22,14601631648,5399.37,Greed
447,2019-04-23,15867308108,5572.36,Greed
448,2019-04-24,17048033399,5464.87,Greed
449,2019-04-25,15330283408,5210.52,Greed
450,2019-04-26,16812108040,5279.35,Fear
451,2019-04-27,13111274675,5268.29,Fear
452,2019-04-28,12819992056,5285.14,Fear
453,2019-04-29,13735490672,5247.35,Fear
454,2019-04-30,13878964574,5350.73,Fear
455,2019-05-01,13679528236,5402.70,Neutral
456,2019-05-02,14644460907,5505.28,Neutral
457,2019-05-03,18720780006,5768.29,Greed
458,2019-05-04,17567780766,5831.17,Greed
459,2019-05-05,14808830723,5795.71,Greed
460,2019-05-06,15737171804,5746.81,Greed
461,2019-05-07,18026409033,5829.50,Greed
462,2019-05-08,15320605300,5982.46,Greed
463,2019-05-09,16784645411,6174.53,Greed
464,2019-05-10,19419875368,6378.85,Greed
465,2019-05-11,28867562329,7204.77,Extreme Greed
466,2019-05-12,27773333680,6972.37,Greed
467,2019-05-13,28677672181,7814.92,Extreme Greed
468,2019-05-14,32031452227,7994.42,Extreme Greed
469,2019-05-15,28344112920,8205.17,Extreme Greed
470,2019-05-16,33167197581,7884.91,Greed
471,2019-05-17,30066644905,7343.90,Greed
472,2019-05-18,21354286562,7271.21,Greed
473,2019-05-19,25902422040,8197.69,Greed
474,2019-05-20,23843404340,7978.31,Greed
475,2019-05-21,25127245056,7963.33,Greed
476,2019-05-22,24719473175,7680.07,Greed
477,2019-05-23,24457107820,7881.85,Greed
478,2019-05-24,25919126991,7987.37,Greed
479,2019-05-25,22256813107,8052.54,Greed
480,2019-05-26,26677970091,8673.22,Greed
481,2019-05-27,27949839564,8805.78,Greed
482,2019-05-28,24226919267,8719.96,Greed
483,2019-05-29,23473479966,8659.49,Greed
484,2019-05-30,29246528551,8319.47,Greed
485,2019-05-31,25365190957,8574.50,Greed
486,2019-06-01,22488303544,8564.02,Greed
487,2019-06-02,20266216022,8742.96,Greed
488,2019-06-03,22004511436,8209.00,Greed
489,2019-06-04,24609731549,7707.77,Fear
490,2019-06-05,21760923463,7824.23,Fear
491,2019-06-06,19474611077,7822.02,Fear
492,2019-06-07,19141423231,8043.95,Fear
493,2019-06-08,16522722810,7954.13,Greed
494,2019-06-09,16610726547,7688.08,Greed
495,2019-06-10,18689275117,8000.33,Fear
496,2019-06-11,17107279932,7927.71,Greed
497,2019-06-12,19034432883,8145.86,Greed
498,2019-06-13,18669407147,8230.92,Greed
499,2019-06-14,19831162906,8693.83,Greed
500,2019-06-15,18371033226,8838.38,Greed
501,2019-06-16,23348550311,8994.49,Extreme Greed
502,2019-06-17,15562951919,9320.35,Extreme Greed
503,2019-06-18,15848210536,9081.76,Extreme Greed
504,2019-06-19,15546809946,9273.52,Extreme Greed
505,2019-06-20,17846823784,9527.16,Extreme Greed
506,2019-06-21,20624008643,10144.56,Extreme Greed
507,2019-06-22,29995204861,10701.69,Extreme Greed
508,2019-06-23,20998326502,10855.37,Extreme Greed
509,2019-06-24,19271652365,11011.10,Extreme Greed
510,2019-06-25,24879684533,11790.92,Extreme Greed
511,2019-06-26,45105733173,13016.23,Extreme Greed
512,2019-06-27,39977475223,11182.81,Extreme Greed
513,2019-06-28,35087757766,12407.33,Greed
514,2019-06-29,29923961128,11959.37,Greed
515,2019-06-30,27256473494,10817.16,Extreme Greed
516,2019-07-01,29378589324,10583.13,Greed
517,2019-07-02,31015895223,10801.68,Greed
518,2019-07-03,30796494294,11961.27,Extreme Greed
519,2019-07-04,25920294033,11215.44,Extreme Greed
520,2019-07-05,23838480210,10978.46,Greed
521,2019-07-06,21092024306,11208.55,Greed
522,2019-07-07,19369044277,11450.85,Greed
523,2019-07-08,23482551458,12285.96,Greed
524,2019-07-09,28167921523,12573.81,Extreme Greed
525,2019-07-10,33627574244,12156.51,Extreme Greed
526,2019-07-11,28595327690,11358.66,Greed
527,2019-07-12,23534692797,11815.99,Fear
528,2019-07-13,21042616384,11392.38,Greed
529,2019-07-14,22486000001,10256.06,Greed
530,2019-07-15,25384047207,10895.09,Extreme Fear
531,2019-07-16,24151199070,9477.64,Fear
532,2019-07-17,24569921549,9693.80,Extreme Fear
533,2019-07-18,25187024648,10666.48,Fear
534,2019-07-19,20727426310,10530.73,Fear
535,2019-07-20,20206615155,10767.14,Fear
536,2019-07-21,17130580467,10599.11,Fear
537,2019-07-22,16334414913,10343.11,Fear
538,2019-07-23,17851916995,9900.77,Fear
539,2019-07-24,17398734322,9811.93,Extreme Fear
540,2019-07-25,15821952090,9911.84,Fear
541,2019-07-26,14495714483,9870.30,Extreme Fear
542,2019-07-27,16817809536,9477.68,Neutral
543,2019-07-28,13738687093,9552.86,Extreme Fear
544,2019-07-29,13791445323,9519.15,Extreme Fear
545,2019-07-30,13829811132,9607.42,Extreme Fear
546,2019-07-31,16631520648,10085.63,Fear
547,2019-08-01,17165337858,10399.67,Greed
548,2019-08-02,17489094082,10518.17,Greed
549,2019-08-03,15352685061,10821.73,Greed
550,2019-08-04,16530894787,10970.18,Greed
551,2019-08-05,23875988832,11805.65,Greed
552,2019-08-06,23635107660,11478.17,Greed
553,2019-08-07,22194988641,11941.97,Fear
554,2019-08-08,19481591730,11966.41,Greed
555,2019-08-09,18339989960,11862.94,Greed
556,2019-08-10,18125355447,11354.02,Greed
557,2019-08-11,15774371518,11523.58,Fear
558,2019-08-12,13647198229,11382.62,Neutral
559,2019-08-13,16681503537,10895.83,Fear
560,2019-08-14,19990838300,10051.70,Extreme Fear
561,2019-08-15,22899115082,10311.55,Extreme Fear
562,2019-08-16,20228207096,10374.34,Fear
563,2019-08-17,13778035685,10231.74,Extreme Fear
564,2019-08-18,12999813869,10345.81,Extreme Fear
565,2019-08-19,16038264603,10916.05,Fear
566,2019-08-20,15053082175,10763.23,Fear
567,2019-08-21,19473084768,10138.05,Extreme Fear
568,2019-08-22,17097508856,10131.06,Extreme Fear
569,2019-08-23,15627023886,10407.96,Fear
570,2019-08-24,15451030650,10159.96,Fear
571,2019-08-25,14153856610,10138.52,Fear
572,2019-08-26,18438654080,10370.82,Fear
573,2019-08-27,14762609503,10185.50,Fear
574,2019-08-28,17603790323,9754.42,Fear
575,2019-08-29,17045878501,9510.20,Extreme Fear
576,2019-08-30,13595263986,9598.17,Extreme Fear
577,2019-08-31,11454806419,9630.66,Extreme Fear
578,2019-09-01,11445355859,9757.97,Extreme Fear
579,2019-09-02,17248102294,10346.76,Fear
580,2019-09-03,19384917989,10623.54,Fear
581,2019-09-04,16742664769,10594.49,Fear
582,2019-09-05,14551239508,10575.53,Fear
583,2019-09-06,19536574783,10353.30,Fear
584,2019-09-07,15307366476,10517.25,Fear
585,2019-09-08,13670567493,10441.28,Fear
586,2019-09-09,17595943368,10334.97,Fear
587,2019-09-10,14906809639,10115.98,Fear
588,2019-09-11,15428063426,10178.37,Fear
589,2019-09-12,15323563925,10410.13,Fear
590,2019-09-13,14109864675,10360.55,Fear
591,2019-09-14,13468713124,10358.05,Fear
592,2019-09-15,12043433567,10347.71,Fear
593,2019-09-16,15160167779,10276.79,Fear
594,2019-09-17,15304603363,10241.27,Fear
595,2019-09-18,16169268880,10198.25,Fear
596,2019-09-19,19937691247,10266.42,Fear
597,2019-09-20,14734189639,10181.64,Fear
598,2019-09-21,13425266806,10019.72,Fear
599,2019-09-22,13199651698,10070.39,Fear
600,2019-09-23,15144925408,9729.32,Fear
601,2019-09-24,25002886689,8620.57,Fear
602,2019-09-25,21744728353,8486.99,Extreme Fear
603,2019-09-26,19258205289,8118.97,Extreme Fear
604,2019-09-27,16408941156,8251.85,Extreme Fear
605,2019-09-28,14141152736,8245.92,Fear
606,2019-09-29,13034629109,8104.19,Fear
607,2019-09-30,17115474183,8293.87,Fear
608,2019-10-01,15305343413,8343.28,Fear
609,2019-10-02,13125712443,8393.04,Fear
610,2019-10-03,13668823409,8259.99,Fear
611,2019-10-04,13139456229,8205.94,Fear
612,2019-10-05,12200497197,8151.50,Fear
613,2019-10-06,13160830305,7988.16,Fear
614,2019-10-07,18009742607,8245.62,Fear
615,2019-10-08,15592264032,8228.78,Fear
616,2019-10-09,19384942333,8595.74,Fear
617,2019-10-10,17618660671,8586.47,Fear
618,2019-10-11,19604381101,8321.76,Fear
619,2019-10-12,14532641605,8336.56,Fear
620,2019-10-13,13808286059,8321.01,Fear
621,2019-10-14,15151387859,8374.69,Fear
622,2019-10-15,15220412632,8205.37,Fear
623,2019-10-16,16071646996,8047.53,Fear
624,2019-10-17,14313052244,8103.91,Fear
625,2019-10-18,15651592610,7973.21,Fear
626,2019-10-19,13797825640,7988.56,Fear
627,2019-10-20,15504249442,8222.08,Fear
628,2019-10-21,15868748866,8243.72,Fear
629,2019-10-22,16803377857,8078.20,Fear
630,2019-10-23,21942878958,7514.67,Fear
631,2019-10-24,16268708849,7493.49,Extreme Fear
632,2019-10-25,28705065488,8660.70,Extreme Fear
633,2019-10-26,44496255609,9244.97,Neutral
634,2019-10-27,32593129501,9551.71,Neutral
635,2019-10-28,30948255332,9256.15,Neutral
636,2019-10-29,28426779937,9427.69,Neutral
637,2019-10-30,27706531577,9205.73,Neutral
638,2019-10-31,26583653947,9199.58,Neutral
639,2019-11-01,24324691031,9261.10,Neutral
640,2019-11-02,21242676385,9324.72,Neutral
641,2019-11-03,21132220847,9235.35,Greed
642,2019-11-04,26170255634,9412.61,Neutral
643,2019-11-05,26198609048,9342.53,Neutral
644,2019-11-06,23133895765,9360.88,Neutral
645,2019-11-07,22700383839,9267.56,Neutral
646,2019-11-08,24333037836,8804.88,Fear
647,2019-11-09,17578630606,8813.58,Fear
648,2019-11-10,20587919881,9055.53,Fear
649,2019-11-11,20265510765,8757.79,Fear
650,2019-11-12,20309769107,8815.66,Fear
651,2019-11-13,17545755405,8808.26,Fear
652,2019-11-14,19084739975,8708.09,Fear
653,2019-11-15,21796856471,8491.99,Fear
654,2019-11-16,16495389808,8550.76,Fear
655,2019-11-17,18668638897,8577.98,Fear
656,2019-11-18,21579470673,8309.29,Fear
657,2019-11-19,21083613816,8206.15,Fear
658,2019-11-20,20764300437,8027.27,Fear
659,2019-11-21,22514243371,7642.75,Fear
660,2019-11-22,34242315785,7296.58,Extreme Fear
661,2019-11-23,21008924418,7397.80,Extreme Fear
662,2019-11-24,30433517289,7047.92,Extreme Fear
663,2019-11-25,42685231262,7146.13,Extreme Fear
664,2019-11-26,21129505542,7218.37,Extreme Fear
665,2019-11-27,23991412764,7531.66,Extreme Fear
666,2019-11-28,19050116751,7463.11,Fear
667,2019-11-29,19709695456,7761.24,Fear
668,2019-11-30,17158194786,7569.63,Fear
669,2019-12-01,18720708479,7424.29,Extreme Fear
670,2019-12-02,17082040706,7321.99,Fear
671,2019-12-03,14797485769,7320.15,Fear
672,2019-12-04,21664240918,7252.03,Extreme Fear
673,2019-12-05,18816085231,7448.31,Extreme Fear
674,2019-12-06,18104466307,7547.00,Fear
675,2019-12-07,15453520564,7556.24,Fear
676,2019-12-08,15409908086,7564.35,Fear
677,2019-12-09,17872021272,7400.90,Fear
678,2019-12-10,18249031195,7278.12,Fear
679,2019-12-11,16350490689,7217.43,Extreme Fear
680,2019-12-12,18927080224,7243.13,Extreme Fear
681,2019-12-13,17125736940,7269.68,Extreme Fear
682,2019-12-14,17137029730,7124.67,Fear
683,2019-12-15,16881129804,7152.30,Extreme Fear
684,2019-12-16,20213265950,6932.48,Extreme Fear
685,2019-12-17,22363804217,6640.52,Extreme Fear
686,2019-12-18,31836522778,7276.80,Extreme Fear
687,2019-12-19,25904604416,7202.84,Extreme Fear
688,2019-12-20,22633815180,7218.82,Extreme Fear
689,2019-12-21,19312552168,7191.16,Extreme Fear
690,2019-12-22,23134537956,7511.59,Extreme Fear
691,2019-12-23,27831788041,7355.63,Fear
692,2019-12-24,22991622105,7322.53,Extreme Fear
693,2019-12-25,21559505149,7275.16,Extreme Fear
694,2019-12-26,22787010034,7238.97,Fear
695,2019-12-27,22777360996,7290.09,Fear
696,2019-12-28,21365673026,7317.99,Fear
697,2019-12-29,22445257702,7422.65,Fear
698,2019-12-30,22874131672,7293.00,Fear
699,2019-12-31,21167946112,7193.60,Fear
700,2020-01-01,18565664997,7200.17,Fear
701,2020-01-02,20802083465,6985.47,Fear
702,2020-01-03,28111481032,7344.88,Fear
703,2020-01-04,18444271275,7410.66,Fear
704,2020-01-05,19725074095,7411.32,Fear
705,2020-01-06,23276261598,7769.22,Fear
706,2020-01-07,28767291327,8163.69,Fear
707,2020-01-08,31672559265,8079.86,Neutral
708,2020-01-09,24045990466,7879.07,Fear
709,2020-01-10,28714583844,8166.55,Fear
710,2020-01-11,25521165085,8037.54,Neutral
711,2020-01-12,22903438381,8192.49,Fear
712,2020-01-13,22482910688,8144.19,Neutral
713,2020-01-14,44841784107,8827.76,Greed
714,2020-01-15,40102834650,8807.01,Neutral
715,2020-01-16,31313981931,8723.79,Greed
716,2020-01-17,36372139320,8929.04,Neutral
717,2020-01-18,32337772627,8942.81,Neutral
718,2020-01-19,34217320471,8706.25,Neutral
719,2020-01-20,26422375678,8657.64,Neutral
720,2020-01-21,24097418512,8745.89,Neutral
721,2020-01-22,22600204051,8680.88,Neutral
722,2020-01-23,25770680779,8406.52,Neutral
723,2020-01-24,24397913026,8445.43,Fear
724,2020-01-25,19647331549,8367.85,Fear
725,2020-01-26,22177678796,8596.83,Fear
726,2020-01-27,28647338393,8909.82,Neutral
727,2020-01-28,34398744403,9358.59,Neutral
728,2020-01-29,30682598115,9316.63,Greed
729,2020-01-30,32378792851,9508.99,Greed
730,2020-01-31,29432489719,9350.53,Greed
731,2020-02-01,25922656496,9392.88,Greed
732,2020-02-02,30835736946,9344.37,Greed
733,2020-02-03,30934096509,9293.52,Greed
734,2020-02-04,29893183716,9180.96,Greed
735,2020-02-05,35222060874,9613.42,Neutral
736,2020-02-06,37628823716,9729.80,Greed
737,2020-02-07,34522718159,9795.94,Greed
738,2020-02-08,35172043762,9865.12,Greed
739,2020-02-09,35807884663,10116.67,Greed
740,2020-02-10,39386548075,9856.61,Greed
741,2020-02-11,37648059389,10208.24,Neutral
742,2020-02-12,43444303830,10326.05,Greed
743,2020-02-13,49356071373,10214.38,Greed
744,2020-02-14,43338264162,10312.12,Greed
745,2020-02-15,43865054831,9889.42,Greed
746,2020-02-16,43374780305,9934.43,Greed
747,2020-02-17,45998298413,9690.14,Neutral
748,2020-02-18,47271023953,10142.00,Neutral
749,2020-02-19,46992019710,9633.39,Neutral
750,2020-02-20,44925260237,9608.48,Fear
751,2020-02-21,40930547513,9686.44,Fear
752,2020-02-22,35838025154,9663.18,Fear
753,2020-02-23,41185185761,9924.52,Fear
754,2020-02-24,45080496648,9650.17,Fear
755,2020-02-25,42515259129,9341.71,Fear
756,2020-02-26,50420050762,8820.52,Fear
757,2020-02-27,45470195695,8784.49,Fear
758,2020-02-28,44605450443,8672.46,Fear
759,2020-02-29,35792392544,8599.51,Fear
760,2020-03-01,35349164300,8562.45,Fear
761,2020-03-02,42857674409,8869.67,Fear
762,2020-03-03,42386715821,8787.79,Fear
763,2020-03-04,34746706368,8755.25,Fear
764,2020-03-05,39698054597,9078.76,Fear
765,2020-03-06,40826885651,9122.55,Fear
766,2020-03-07,36216930370,8909.95,Fear
767,2020-03-08,39973102121,8108.12,Fear
768,2020-03-09,46936995808,7923.64,Extreme Fear
769,2020-03-10,42213940994,7909.73,Extreme Fear
770,2020-03-11,38682762605,7911.43,Extreme Fear
771,2020-03-12,53980357243,4970.79,Extreme Fear
772,2020-03-13,74156772075,5563.71,Extreme Fear
773,2020-03-14,36154506008,5200.37,Extreme Fear
774,2020-03-15,33997889639,5392.31,Extreme Fear
775,2020-03-16,45368026430,5014.48,Extreme Fear
776,2020-03-17,38622642935,5225.63,Extreme Fear
777,2020-03-18,37878801016,5238.44,Extreme Fear
778,2020-03-19,51000731797,6191.19,Extreme Fear
779,2020-03-20,54442976103,6198.78,Extreme Fear
780,2020-03-21,42494390880,6185.07,Extreme Fear
781,2020-03-22,40099664740,5830.25,Extreme Fear
782,2020-03-23,46491916000,6416.31,Extreme Fear
783,2020-03-24,48221910672,6734.80,Extreme Fear
784,2020-03-25,44590107888,6681.06,Extreme Fear
785,2020-03-26,35319797642,6716.44,Extreme Fear
786,2020-03-27,34585598367,6469.80,Extreme Fear
787,2020-03-28,34885225901,6242.19,Extreme Fear
788,2020-03-29,28373690931,5922.04,Extreme Fear
789,2020-03-30,37101651525,6429.84,Extreme Fear
790,2020-03-31,32786468812,6438.64,Extreme Fear
791,2020-04-01,40346426266,6606.78,Extreme Fear
792,2020-04-02,47660646124,6793.62,Extreme Fear
793,2020-04-03,38976504903,6733.39,Extreme Fear
794,2020-04-04,33185988584,6867.53,Extreme Fear
795,2020-04-05,29510409856,6791.13,Extreme Fear
796,2020-04-06,46896904615,7271.78,Extreme Fear
797,2020-04-07,44243482668,7176.41,Extreme Fear
798,2020-04-08,37563249549,7334.10,Extreme Fear
799,2020-04-09,34815139178,7302.09,Extreme Fear
800,2020-04-10,43622840992,6865.49,Extreme Fear
801,2020-04-11,31222085946,6859.08,Extreme Fear
802,2020-04-12,35759567632,6971.09,Extreme Fear
803,2020-04-13,38619308647,6845.04,Extreme Fear
804,2020-04-14,34110434052,6842.43,Extreme Fear
805,2020-04-15,32288311031,6642.11,Extreme Fear
806,2020-04-16,46783242377,7116.80,Extreme Fear
807,2020-04-17,32513423567,7096.18,Extreme Fear
808,2020-04-18,32447188386,7257.67,Extreme Fear
809,2020-04-19,31311210215,7189.42,Extreme Fear
810,2020-04-20,37747113936,6881.96,Extreme Fear
811,2020-04-21,32589741511,6880.32,Extreme Fear
812,2020-04-22,33249153866,7117.21,Extreme Fear
813,2020-04-23,43500782316,7429.72,Extreme Fear
814,2020-04-24,34636526286,7550.90,Extreme Fear
815,2020-04-25,32941541447,7569.94,Extreme Fear
816,2020-04-26,33070154491,7679.87,Extreme Fear
817,2020-04-27,36162144725,7795.60,Fear
818,2020-04-28,33187959921,7807.06,Fear
819,2020-04-29,60201052203,8801.04,Fear
820,2020-04-30,66964629541,8658.55,Fear
821,2020-05-01,44068389997,8864.77,Fear
822,2020-05-02,40134388683,8988.60,Fear
823,2020-05-03,47101785174,8897.47,Fear
824,2020-05-04,45718796276,8912.65,Fear
825,2020-05-05,43148462663,9003.07,Fear
826,2020-05-06,49371886931,9268.76,Fear
827,2020-05-07,61112700562,9951.52,Neutral
828,2020-05-08,51780748042,9842.67,Greed
829,2020-05-09,46566121841,9593.90,Greed
830,2020-05-10,63325279337,8756.43,Neutral
831,2020-05-11,57119858802,8601.80,Fear
832,2020-05-12,42142717533,8804.48,Fear
833,2020-05-13,45558144023,9269.99,Fear
834,2020-05-14,56426907637,9733.72,Fear
835,2020-05-15,48158802327,9328.20,Fear
836,2020-05-16,36164766408,9377.01,Fear
837,2020-05-17,40084250663,9670.74,Fear
838,2020-05-18,41827139896,9726.58,Neutral
839,2020-05-19,39254288955,9729.04,Neutral
840,2020-05-20,36546239703,9522.98,Neutral
841,2020-05-21,39326160532,9081.76,Neutral
842,2020-05-22,29810773699,9182.58,Fear
843,2020-05-23,27727866812,9209.29,Fear
844,2020-05-24,32518803300,8790.37,Fear
845,2020-05-25,31288157264,8906.93,Fear
846,2020-05-26,29584186947,8835.05,Fear
847,2020-05-27,32740536902,9181.02,Fear
848,2020-05-28,34367073114,9525.75,Fear
849,2020-05-29,32896642044,9439.12,Neutral
850,2020-05-30,32722975141,9700.41,Neutral
851,2020-05-31,27773290299,9461.06,Neutral
852,2020-06-01,35198901068,10167.27,Neutral
853,2020-06-02,39137252109,9529.80,Greed
854,2020-06-03,25007459262,9656.72,Neutral
855,2020-06-04,25921805072,9800.64,Neutral
856,2020-06-05,23509628646,9665.53,Neutral
857,2020-06-06,20438419222,9653.68,Neutral
858,2020-06-07,25015250846,9758.85,Neutral
859,2020-06-08,21486346312,9771.49,Neutral
860,2020-06-09,23717842783,9795.70,Neutral
861,2020-06-10,25706567601,9870.09,Neutral
862,2020-06-11,30247143440,9321.78,Neutral
863,2020-06-12,22610564515,9480.84,Fear
864,2020-06-13,17564322315,9475.28,Fear
865,2020-06-14,18991732746,9386.79,Fear
866,2020-06-15,26699704768,9450.70,Fear
867,2020-06-16,21565537209,9538.02,Fear
868,2020-06-17,20177709879,9480.25,Fear
869,2020-06-18,17770083003,9411.84,Fear
870,2020-06-19,19632223107,9288.02,Fear
871,2020-06-20,17130541557,9332.34,Fear
872,2020-06-21,15324301169,9303.63,Fear
873,2020-06-22,21104009514,9648.72,Fear
874,2020-06-23,17006433272,9629.66,Fear
875,2020-06-24,18961716076,9313.61,Neutral
876,2020-06-25,18616048626,9264.81,Fear
877,2020-06-26,18341465837,9162.92,Fear
878,2020-06-27,17273093144,9045.39,Fear
879,2020-06-28,14560870760,9143.58,Fear
880,2020-06-29,16460547078,9190.85,Fear
881,2020-06-30,15735797744,9137.99,Fear
882,2020-07-01,15971550355,9228.33,Fear
883,2020-07-02,16338916796,9123.41,Fear
884,2020-07-03,13078970999,9087.30,Fear
885,2020-07-04,12290528515,9132.49,Fear
886,2020-07-05,12903406143,9073.94,Fear
887,2020-07-06,17889263252,9375.47,Fear
888,2020-07-07,13839652595,9252.28,Fear
889,2020-07-08,19702359883,9428.33,Fear
890,2020-07-09,18000702524,9277.97,Fear
891,2020-07-10,16860035605,9278.81,Fear
892,2020-07-11,13249910444,9240.35,Fear
893,2020-07-12,14452361907,9276.50,Fear
894,2020-07-13,17519821266,9243.61,Fear
895,2020-07-14,18085038362,9243.21,Fear
896,2020-07-15,15844731575,9192.84,Fear
897,2020-07-16,15713967523,9132.23,Fear
898,2020-07-17,13944570749,9151.39,Fear
899,2020-07-18,12252601475,9159.04,Fear
900,2020-07-19,12939002784,9185.82,Fear
901,2020-07-20,13755604146,9164.23,Fear
902,2020-07-21,18069581956,9374.89,Fear
903,2020-07-22,16532254884,9525.36,Neutral
904,2020-07-23,18146399002,9581.07,Greed
905,2020-07-24,16552768325,9536.89,Neutral
906,2020-07-25,16610070933,9677.11,Greed
907,2020-07-26,20507998997,9905.17,Greed
908,2020-07-27,35359749590,10990.87,Greed
909,2020-07-28,28766551142,10912.82,Extreme Greed
910,2020-07-29,24617249715,11100.47,Greed
911,2020-07-30,22857247901,11111.21,Extreme Greed
912,2020-07-31,23160469766,11323.47,Greed
913,2020-08-01,26075670303,11759.59,Greed
914,2020-08-02,27410067336,11053.61,Extreme Greed
915,2020-08-03,20271713443,11246.35,Greed
916,2020-08-04,21250197042,11205.89,Greed
917,2020-08-05,24411254471,11747.02,Greed
918,2020-08-06,23400740340,11779.77,Extreme Greed
919,2020-08-07,23132312867,11601.47,Extreme Greed
920,2020-08-08,17572057837,11754.05,Extreme Greed
921,2020-08-09,17489608833,11675.74,Extreme Greed
922,2020-08-10,26114112569,11878.11,Extreme Greed
923,2020-08-11,27039782640,11410.53,Extreme Greed
924,2020-08-12,25064548486,11584.93,Greed
925,2020-08-13,27522199497,11784.14,Greed
926,2020-08-14,24237958589,11768.87,Extreme Greed
927,2020-08-15,23354924400,11865.70,Extreme Greed
928,2020-08-16,20583375490,11892.80,Extreme Greed
929,2020-08-17,28227687027,12254.40,Extreme Greed
930,2020-08-18,26043227672,11991.23,Extreme Greed
931,2020-08-19,24502851117,11758.28,Extreme Greed
932,2020-08-20,20175242945,11878.37,Greed
933,2020-08-21,23762425999,11592.49,Extreme Greed
934,2020-08-22,20224191306,11681.83,Extreme Greed
935,2020-08-23,18482062658,11664.85,Extreme Greed
936,2020-08-24,20681511755,11774.60,Extreme Greed
937,2020-08-25,26301509932,11366.13,Greed
938,2020-08-26,22466660958,11488.36,Extreme Greed
939,2020-08-27,23240415076,11323.40,Greed
940,2020-08-28,19807127588,11542.50,Greed
941,2020-08-29,17485597759,11506.87,Extreme Greed
942,2020-08-30,19760127945,11711.51,Greed
943,2020-08-31,22285928250,11680.82,Greed
944,2020-09-01,27311555343,11970.48,Greed
945,2020-09-02,28037405299,11414.03,Extreme Greed
946,2020-09-03,31927261555,10245.30,Extreme Greed
947,2020-09-04,29965130374,10511.81,Fear
948,2020-09-05,44916565292,10169.57,Fear
949,2020-09-06,37071460174,10280.35,Fear
950,2020-09-07,33703098409,10369.56,Fear
951,2020-09-08,33430927462,10131.52,Fear
952,2020-09-09,24128292755,10242.35,Fear
953,2020-09-10,54406443211,10363.14,Fear
954,2020-09-11,45201121775,10400.92,Fear
955,2020-09-12,36750077324,10442.17,Fear
956,2020-09-13,36506852789,10323.76,Fear
957,2020-09-14,35453581940,10680.84,Fear
958,2020-09-15,32509451925,10796.95,Neutral
959,2020-09-16,30769986455,10974.91,Fear
960,2020-09-17,38151810523,10948.99,Neutral
961,2020-09-18,26341903912,10944.59,Neutral
962,2020-09-19,22764204008,11094.35,Neutral
963,2020-09-20,24699523788,10938.27,Neutral
964,2020-09-21,28884999244,10462.26,Neutral
965,2020-09-22,23621787804,10538.46,Fear
966,2020-09-23,23788661867,10246.19,Fear
967,2020-09-24,47144380902,10760.07,Fear
968,2020-09-25,39348590957,10692.72,Fear
969,2020-09-26,46852525493,10750.72,Fear
970,2020-09-27,53745972818,10775.27,Neutral
971,2020-09-28,47762394731,10709.65,Fear
972,2020-09-29,46582396602,10844.64,Fear
973,2020-09-30,44171073700,10784.49,Neutral
974,2020-10-01,40023134100,10619.45,Fear
975,2020-10-02,48661453918,10575.97,Fear
976,2020-10-03,44660271563,10549.33,Fear
977,2020-10-04,71251776995,10669.58,Fear
978,2020-10-05,47537578009,10793.34,Fear
979,2020-10-06,42623695307,10604.41,Neutral
980,2020-10-07,37799458436,10668.97,Fear
981,2020-10-08,63314794397,10915.69,Fear
982,2020-10-09,22799117613,11064.46,Neutral
983,2020-10-10,22877978588,11296.36,Neutral
984,2020-10-11,19968627060,11384.18,Greed
985,2020-10-12,26163972642,11555.36,Neutral
986,2020-10-13,24241420251,11425.90,Greed
987,2020-10-14,24103426719,11429.51,Neutral
988,2020-10-15,24487233058,11495.35,Greed
989,2020-10-16,25635480772,11322.12,Neutral
990,2020-10-17,19130430174,11358.10,Greed
991,2020-10-18,18283314340,11483.36,Greed
992,2020-10-19,23860769928,11742.04,Greed
993,2020-10-20,30915821592,11916.33,Greed
994,2020-10-21,43414712626,12823.69,Greed
995,2020-10-22,34729759598,12965.89,Greed
996,2020-10-23,28974975003,12931.54,Greed
997,2020-10-24,24542317940,13108.06,Greed
998,2020-10-25,24406920575,13031.17,Extreme Greed
999,2020-10-26,29461458313,13075.25,Greed
1000,2020-10-27,33749878156,13654.22,Greed
1001,2020-10-28,35867318895,13271.29,Greed
1002,2020-10-29,56499499598,13437.88,Greed
1003,2020-10-30,30581485201,13546.52,Greed
1004,2020-10-31,30306464719,13781.00,Greed
1005,2020-11-01,24453857900,13737.11,Greed
1006,2020-11-02,30771455468,13550.49,Greed
1007,2020-11-03,29869951617,13950.30,Greed
1008,2020-11-04,35116364962,14133.71,Greed
1009,2020-11-05,40856321439,15579.85,Greed
1010,2020-11-06,39837841971,15565.88,Extreme Greed
1011,2020-11-07,35024953706,14833.75,Extreme Greed
1012,2020-11-08,26632075029,15479.57,Extreme Greed
1013,2020-11-09,34149115566,15332.32,Extreme Greed
1014,2020-11-10,25574938143,15290.90,Extreme Greed
1015,2020-11-11,29772374934,15701.34,Extreme Greed
1016,2020-11-12,34175758344,16276.34,Extreme Greed
1017,2020-11-13,31599492172,16317.81,Extreme Greed
1018,2020-11-14,27481710135,16068.14,Extreme Greed
1019,2020-11-15,23653867583,15955.59,Extreme Greed
1020,2020-11-16,31526766675,16716.11,Extreme Greed
1021,2020-11-17,39006849170,17645.41,Extreme Greed
1022,2020-11-18,49064800278,17804.01,Extreme Greed
1023,2020-11-19,36985055355,17817.09,Extreme Greed
1024,2020-11-20,36992873940,18621.31,Extreme Greed
1025,2020-11-21,39650210707,18642.23,Extreme Greed
1026,2020-11-22,41280434226,18370.00,Extreme Greed
1027,2020-11-23,42741112308,18364.12,Extreme Greed
1028,2020-11-24,51469565009,19107.46,Extreme Greed
1029,2020-11-25,43710357371,18732.12,Extreme Greed
1030,2020-11-26,61396835737,17150.62,Extreme Greed
1031,2020-11-27,38886494645,17108.40,Extreme Greed
1032,2020-11-28,32601040734,17717.41,Extreme Greed
1033,2020-11-29,31133957704,18177.48,Extreme Greed
1034,2020-11-30,47728480399,19625.84,Extreme Greed
1035,2020-12-01,49633658712,18803.00,Extreme Greed
1036,2020-12-02,37387697139,19201.09,Extreme Greed
1037,2020-12-03,31930317405,19445.40,Extreme Greed
1038,2020-12-04,33872388058,18699.77,Extreme Greed
1039,2020-12-05,27242455064,19154.23,Extreme Greed
1040,2020-12-06,25293775714,19345.12,Extreme Greed
1041,2020-12-07,26896357742,19191.63,Extreme Greed
1042,2020-12-08,31692288756,18321.14,Extreme Greed
1043,2020-12-09,34420373071,18553.92,Extreme Greed
1044,2020-12-10,25547132265,18264.99,Extreme Greed
1045,2020-12-11,27919640985,18058.90,Extreme Greed
1046,2020-12-12,21752580802,18803.66,Extreme Greed
1047,2020-12-13,25450468637,19142.38,Extreme Greed
1048,2020-12-14,22473997681,19246.64,Extreme Greed
1049,2020-12-15,26741982541,19417.08,Extreme Greed
1050,2020-12-16,44409011479,21310.60,Extreme Greed
1051,2020-12-17,71378606374,22805.16,Extreme Greed
1052,2020-12-18,40387896275,23137.96,Extreme Greed
1053,2020-12-19,38487546580,23869.83,Extreme Greed
1054,2020-12-20,37844228422,23477.29,Extreme Greed
1055,2020-12-21,45852713981,22803.08,Extreme Greed
1056,2020-12-22,44171632681,23783.03,Extreme Greed
1057,2020-12-23,51146161904,23241.35,Extreme Greed
1058,2020-12-24,41080759713,23735.95,Extreme Greed
1059,2020-12-25,42068395846,24664.79,Extreme Greed
1060,2020-12-26,48332647295,26437.04,Extreme Greed
1061,2020-12-27,66479895605,26272.29,Extreme Greed
1062,2020-12-28,49056742893,27084.81,Extreme Greed
1063,2020-12-29,45265946774,27362.44,Extreme Greed
1064,2020-12-30,51287442704,28840.95,Extreme Greed
1065,2020-12-31,46754964848,29001.72,Extreme Greed
1066,2021-01-01,40730301359,29374.15,Extreme Greed
1067,2021-01-02,67865420765,32127.27,Extreme Greed
1068,2021-01-03,78665235202,32782.02,Extreme Greed
1069,2021-01-04,81163475344,31971.91,Extreme Greed
1070,2021-01-05,67547324782,33992.43,Extreme Greed
1071,2021-01-06,75289433811,36824.36,Extreme Greed
1072,2021-01-07,84762141031,39371.04,Extreme Greed
1073,2021-01-08,88107519480,40797.61,Extreme Greed
1074,2021-01-09,61984162837,40254.55,Extreme Greed
1075,2021-01-10,79980747690,38356.44,Extreme Greed
1076,2021-01-11,123320567399,35566.66,Extreme Greed
1077,2021-01-12,74773277909,33922.96,Extreme Greed
1078,2021-01-13,69364315979,37316.36,Extreme Greed
1079,2021-01-14,63615990033,39187.33,Extreme Greed
1080,2021-01-15,67760757881,36825.37,Extreme Greed
1081,2021-01-16,57706187875,36178.14,Extreme Greed
1082,2021-01-17,52359854336,35791.28,Extreme Greed
1083,2021-01-18,49511702429,36630.07,Extreme Greed
1084,2021-01-19,57244195486,36069.80,Extreme Greed
1085,2021-01-20,66834573161,35547.75,Extreme Greed
1086,2021-01-21,75643067688,30825.70,Greed
1087,2021-01-22,77207272511,33005.76,Fear
1088,2021-01-23,48354737975,32067.64,Greed
1089,2021-01-24,48643830599,32289.38,Greed
1090,2021-01-25,59897054838,32366.39,Greed
1091,2021-01-26,60255421470,32569.85,Greed
1092,2021-01-27,62576762015,30432.55,Extreme Greed
1093,2021-01-28,76517157706,33466.10,Greed
1094,2021-01-29,117894572511,34316.39,Extreme Greed
1095,2021-01-30,65141828798,34269.52,Extreme Greed
1096,2021-01-31,52754542671,33114.36,Extreme Greed
1097,2021-02-01,61400400660,33537.18,Extreme Greed
1098,2021-02-02,63088585433,35510.29,Extreme Greed
1099,2021-02-03,61166818159,37472.09,Extreme Greed
1100,2021-02-04,68838074392,36926.07,Extreme Greed
1101,2021-02-05,58598066402,38144.31,Extreme Greed
1102,2021-02-06,71326033653,39266.01,Extreme Greed
1103,2021-02-07,65500641143,38903.44,Extreme Greed
1104,2021-02-08,101467222687,46196.46,Extreme Greed
1105,2021-02-09,91809846886,46481.11,Extreme Greed
1106,2021-02-10,87301089896,44918.18,Extreme Greed
1107,2021-02-11,81388911810,47909.33,Extreme Greed
1108,2021-02-12,76555041196,47504.85,Extreme Greed
1109,2021-02-13,70250456155,47105.52,Extreme Greed
1110,2021-02-14,71248675228,48717.29,Extreme Greed
1111,2021-02-15,77069903166,47945.06,Extreme Greed
1112,2021-02-16,77049582886,49199.87,Extreme Greed
1113,2021-02-17,80820545404,52149.01,Extreme Greed
1114,2021-02-18,52054723579,51679.80,Extreme Greed
1115,2021-02-19,63495496918,55888.13,Extreme Greed
1116,2021-02-20,68145460026,56099.52,Extreme Greed
1117,2021-02-21,51897585191,57539.95,Extreme Greed
1118,2021-02-22,92052420332,54207.32,Extreme Greed
1119,2021-02-23,106102492824,48824.43,Extreme Greed
1120,2021-02-24,63695521388,49705.33,Extreme Greed
1121,2021-02-25,54506565949,47093.85,Extreme Greed
1122,2021-02-26,350967941479,46339.76,Greed
1123,2021-02-27,45910946382,46188.45,Greed
1124,2021-02-28,53443887451,45137.77,Greed
1125,2021-03-01,53891300112,49631.24,Fear
1126,2021-03-02,47530897720,48378.99,Extreme Greed
1127,2021-03-03,53220811975,50538.24,Extreme Greed
1128,2021-03-04,52343816680,48561.17,Extreme Greed
1129,2021-03-05,48625928883,48927.30,Extreme Greed
1130,2021-03-06,34363564661,48912.38,Extreme Greed
1131,2021-03-07,43137459378,51206.69,Extreme Greed
1132,2021-03-08,48597428048,52246.52,Extreme Greed
1133,2021-03-09,50912227385,54824.12,Extreme Greed
1134,2021-03-10,57295577614,56008.55,Greed
1135,2021-03-11,56772343595,57805.12,Greed
1136,2021-03-12,55689944702,57332.09,Greed
1137,2021-03-13,60669829814,61243.09,Greed
1138,2021-03-14,43901225564,59302.32,Extreme Greed
1139,2021-03-15,66419369890,55907.20,Extreme Greed
1140,2021-03-16,59749798599,56804.90,Greed
1141,2021-03-17,60258313191,58870.89,Greed
1142,2021-03-18,55746041000,57858.92,Greed
1143,2021-03-19,49063873786,58346.65,Greed
1144,2021-03-20,50361731222,58313.64,Greed
1145,2021-03-21,51943414539,57523.42,Greed
1146,2021-03-22,56521454974,54529.14,Greed
1147,2021-03-23,56435023914,54738.95,Greed
1148,2021-03-24,70567223787,52774.27,Greed
1149,2021-03-25,67999812841,51704.16,Greed
1150,2021-03-26,56652197978,55137.31,Neutral
1151,2021-03-27,47266542233,55973.51,Greed
1152,2021-03-28,47686580918,55950.75,Greed
1153,2021-03-29,57625587027,57750.20,Greed
1154,2021-03-30,54414116432,58917.69,Greed
1155,2021-03-31,65520826225,58918.83,Extreme Greed
1156,2021-04-01,61669163792,59095.81,Greed
1157,2021-04-02,58727860620,59384.31,Greed
1158,2021-04-03,59641344484,57603.89,Greed
1159,2021-04-04,50749662970,58758.55,Greed
1160,2021-04-05,60706272115,59057.88,Greed
1161,2021-04-06,66058027988,58192.36,Greed
1162,2021-04-07,75645303584,56048.94,Greed
1163,2021-04-08,53053855641,58323.95,Greed
1164,2021-04-09,46655208546,58245.00,Greed
1165,2021-04-10,58238470525,59793.23,Greed
1166,2021-04-11,46280252580,60204.96,Extreme Greed
1167,2021-04-12,51828688519,59893.45,Greed
1168,2021-04-13,69983454362,63503.46,Greed
1169,2021-04-14,77451779687,63109.70,Greed
1170,2021-04-15,60954381579,63314.01,Extreme Greed
1171,2021-04-16,84293007468,61572.79,Extreme Greed
1172,2021-04-17,66138759198,60683.82,Extreme Greed
1173,2021-04-18,97468872758,56216.18,Extreme Greed
1174,2021-04-19,65344865159,55724.27,Greed
1175,2021-04-20,67849323955,56473.03,Greed
1176,2021-04-21,54926612466,53906.09,Greed
1177,2021-04-22,74798630778,51762.27,Greed
1178,2021-04-23,86668667320,51093.65,Greed
1179,2021-04-24,49014494781,50050.87,Fear
1180,2021-04-25,46117114240,49004.25,Fear
1181,2021-04-26,58284039825,54021.75,Fear
1182,2021-04-27,49448222757,55033.12,Neutral
1183,2021-04-28,48000572955,54824.70,Greed
1184,2021-04-29,46088929780,53555.11,Neutral
1185,2021-04-30,52395931985,57750.18,Neutral
1186,2021-05-01,42836427360,57828.05,Greed
1187,2021-05-02,38177405335,56631.08,Greed
1188,2021-05-03,51713139031,57200.29,Greed
1189,2021-05-04,68564706967,53333.54,Greed
1190,2021-05-05,69241316747,57424.01,Neutral
1191,2021-05-06,69523285106,56396.52,Greed
1192,2021-05-07,68434023376,57356.40,Greed
1193,2021-05-08,65382980634,58803.78,Greed
1194,2021-05-09,65906690347,58232.32,Greed
1195,2021-05-10,71776546298,55859.80,Greed
1196,2021-05-11,61308396325,56704.57,Greed
1197,2021-05-12,75215403907,49150.54,Greed
1198,2021-05-13,96721152926,49716.19,Fear
1199,2021-05-14,55737497453,49880.54,Fear
1200,2021-05-15,59161047474,46760.19,Fear
1201,2021-05-16,64047871555,46456.06,Extreme Fear
1202,2021-05-17,74903638450,43537.51,Fear
1203,2021-05-18,56187365084,42909.40,Extreme Fear
1204,2021-05-19,126358098747,37002.44,Extreme Fear
1205,2021-05-20,88281943359,40782.74,Extreme Fear
1206,2021-05-21,82051616861,37304.69,Extreme Fear
1207,2021-05-22,57377273240,37536.63,Extreme Fear
1208,2021-05-23,78469274361,34770.58,Extreme Fear
1209,2021-05-24,67359584098,38705.98,Extreme Fear
1210,2021-05-25,56211915803,38402.22,Extreme Fear
1211,2021-05-26,51346735160,39294.20,Extreme Fear
1212,2021-05-27,43210968721,38436.97,Fear
1213,2021-05-28,55200191952,35697.61,Extreme Fear
1214,2021-05-29,45231013335,34616.07,Extreme Fear
1215,2021-05-30,31646080921,35678.13,Extreme Fear
1216,2021-05-31,39009847639,37332.86,Extreme Fear
1217,2021-06-01,34639423297,36684.93,Extreme Fear
1218,2021-06-02,33070867190,37575.18,Extreme Fear
1219,2021-06-03,35460750427,39208.77,Extreme Fear
1220,2021-06-04,41831090187,36894.41,Fear
1221,2021-06-05,35959473399,35551.96,Extreme Fear
1222,2021-06-06,28913440585,35862.38,Extreme Fear
1223,2021-06-07,33683936663,33560.71,Extreme Fear
1224,2021-06-08,49902050442,33472.63,Extreme Fear
1225,2021-06-09,53972919008,37345.12,Extreme Fear
1226,2021-06-10,43576032854,36702.60,Extreme Fear
1227,2021-06-11,38699736985,37334.40,Extreme Fear
1228,2021-06-12,37924228550,35552.52,Fear
1229,2021-06-13,40669112838,39097.86,Extreme Fear
1230,2021-06-14,43148914673,40218.48,Fear
1231,2021-06-15,46420149185,40406.27,Fear
1232,2021-06-16,39211635100,38347.06,Fear
1233,2021-06-17,37096670047,38053.50,Fear
1234,2021-06-18,36200887275,35787.25,Extreme Fear
1235,2021-06-19,31207279719,35615.87,Extreme Fear
1236,2021-06-20,36664034054,35698.30,Extreme Fear
1237,2021-06-21,52809038594,31676.69,Extreme Fear
1238,2021-06-22,58964353058,32505.66,Extreme Fear
1239,2021-06-23,46317108925,33723.03,Extreme Fear
1240,2021-06-24,33123368116,34662.44,Extreme Fear
1241,2021-06-25,40230904226,31637.78,Fear
1242,2021-06-26,38585385521,32186.28,Extreme Fear
1243,2021-06-27,35511640894,34649.64,Extreme Fear
1244,2021-06-28,33892523752,34434.34,Extreme Fear
1245,2021-06-29,37901460044,35867.78,Extreme Fear
1246,2021-06-30,34059036099,35040.84,Fear
1247,2021-07-01,37838957079,33572.12,Fear
1248,2021-07-02,38728974942,33897.05,Extreme Fear
1249,2021-07-03,24383958643,34668.55,Extreme Fear
1250,2021-07-04,24924307911,35287.78,Fear
1251,2021-07-05,26721554282,33746.00,Fear
1252,2021-07-06,26501259870,34235.20,Extreme Fear
1253,2021-07-07,24796027477,33855.33,Fear
1254,2021-07-08,29910396946,32877.37,Extreme Fear
1255,2021-07-09,27436021028,33798.01,Extreme Fear
1256,2021-07-10,22971873468,33520.52,Extreme Fear
1257,2021-07-11,20108729370,34240.19,Extreme Fear
1258,2021-07-12,24321499537,33155.85,Extreme Fear
1259,2021-07-13,19120856669,32702.03,Extreme Fear
1260,2021-07-14,21376531210,32822.35,Extreme Fear
1261,2021-07-15,21300524237,31780.73,Extreme Fear
1262,2021-07-16,23699476918,31421.54,Extreme Fear
1263,2021-07-17,18895018942,31533.07,Extreme Fear
1264,2021-07-18,18787986667,31796.81,Extreme Fear
1265,2021-07-19,20434789545,30817.83,Extreme Fear
1266,2021-07-20,23148267245,29807.35,Extreme Fear
1267,2021-07-21,28203024559,32110.69,Extreme Fear
1268,2021-07-22,19555230518,32313.11,Extreme Fear
1269,2021-07-23,22552046192,33581.55,Extreme Fear
1270,2021-07-24,21664706865,34292.45,Extreme Fear
1271,2021-07-25,20856685287,35350.19,Fear
1272,2021-07-26,51022126212,37337.54,Fear
1273,2021-07-27,35097370560,39406.94,Fear
1274,2021-07-28,38702404695,39995.91,Neutral
1275,2021-07-29,27167146027,40008.42,Neutral
1276,2021-07-30,33072782960,42235.55,Neutral
1277,2021-07-31,25802845343,41626.20,Greed
1278,2021-08-01,26688438115,39974.89,Greed
1279,2021-08-02,25595265436,39201.95,Neutral
1280,2021-08-03,26189830450,38152.98,Neutral
1281,2021-08-04,25372562724,39747.50,Fear
1282,2021-08-05,35185031017,40869.55,Neutral
1283,2021-08-06,38226483046,42816.50,Neutral
1284,2021-08-07,40030862141,44555.80,Greed
1285,2021-08-08,36302664750,43798.12,Greed
1286,2021-08-09,38734079049,46365.40,Greed
1287,2021-08-10,33546019517,45585.03,Greed
1288,2021-08-11,34319709073,45593.64,Greed
1289,2021-08-12,33723620826,44428.29,Greed
1290,2021-08-13,31744259539,47793.32,Greed
1291,2021-08-14,31211354442,47096.95,Extreme Greed
1292,2021-08-15,30988958446,47047.00,Greed
1293,2021-08-16,32776876610,46004.48,Greed
1294,2021-08-17,33451362600,44695.36,Greed
1295,2021-08-18,32194123075,44801.19,Greed
1296,2021-08-19,37204312299,46717.58,Greed
1297,2021-08-20,34706867452,49339.18,Greed
1298,2021-08-21,40585205312,48905.49,Extreme Greed
1299,2021-08-22,25370975378,49321.65,Extreme Greed
1300,2021-08-23,34305053719,49546.15,Extreme Greed
1301,2021-08-24,35361168834,47706.12,Extreme Greed
1302,2021-08-25,32646349931,48960.79,Greed
1303,2021-08-26,32666549568,46942.22,Greed
1304,2021-08-27,34511076995,49058.67,Greed
1305,2021-08-28,28568103401,48902.40,Extreme Greed
1306,2021-08-29,25889650240,48829.83,Greed
1307,2021-08-30,31847007016,47054.98,Greed
1308,2021-08-31,34730363427,47166.69,Greed
1309,2021-09-01,39139399125,48847.03,Greed
1310,2021-09-02,39508070319,49327.72,Greed
1311,2021-09-03,43206179619,50025.38,Greed
1312,2021-09-04,37471327794,49944.63,Greed
1313,2021-09-05,30322676319,51753.41,Greed
1314,2021-09-06,38884105426,52633.54,Extreme Greed
1315,2021-09-07,65210059683,46811.13,Extreme Greed
1316,2021-09-08,49007762488,46091.39,Neutral
1317,2021-09-09,38672657013,46391.42,Fear
1318,2021-09-10,39154666597,44883.91,Fear
1319,2021-09-11,34499835245,45201.46,Fear
1320,2021-09-12,27881980161,46063.27,Fear
1321,2021-09-13,40969943253,44963.07,Fear
1322,2021-09-14,38652152880,47092.49,Fear
1323,2021-09-15,30484496466,48176.35,Neutral
1324,2021-09-16,31764293754,47783.36,Neutral
1325,2021-09-17,28727713711,47267.52,Neutral
1326,2021-09-18,28575630451,48278.36,Neutral
1327,2021-09-19,26967722648,47260.22,Neutral
1328,2021-09-20,43909845642,42843.80,Neutral
1329,2021-09-21,48701090088,40693.68,Fear
1330,2021-09-22,38139709246,43574.51,Extreme Fear
1331,2021-09-23,34244064430,44895.10,Fear
1332,2021-09-24,42839345714,42839.75,Fear
1333,2021-09-25,31604717236,42716.59,Fear
1334,2021-09-26,30661222077,43208.54,Fear
1335,2021-09-27,30980029059,42235.73,Fear
1336,2021-09-28,30214940550,41034.54,Extreme Fear
1337,2021-09-29,30602359905,41564.36,Extreme Fear
1338,2021-09-30,31141681925,43790.89,Extreme Fear
1339,2021-10-01,42850641582,48116.94,Fear
1340,2021-10-02,30614346492,47711.49,Neutral
1341,2021-10-03,26638115879,48199.95,Neutral
1342,2021-10-04,33383173002,49112.90,Neutral
1343,2021-10-05,35873904236,51514.81,Greed
1344,2021-10-06,49034730168,55361.45,Greed
1345,2021-10-07,36807860413,53805.98,Extreme Greed
1346,2021-10-08,34800873924,53967.85,Greed
1347,2021-10-09,32491211414,54968.22,Greed
1348,2021-10-10,39527792364,54771.58,Greed
1349,2021-10-11,42637331698,57484.79,Greed
1350,2021-10-12,41083758949,56041.06,Extreme Greed
1351,2021-10-13,41684252783,57401.10,Greed
1352,2021-10-14,36615791366,57321.52,Greed
1353,2021-10-15,51780081801,61593.95,Greed
1354,2021-10-16,34250964237,60892.18,Extreme Greed
1355,2021-10-17,29032367511,61553.62,Extreme Greed
1356,2021-10-18,38055562075,62026.08,Extreme Greed
1357,2021-10-19,40471196346,64261.99,Greed
1358,2021-10-20,40788955582,65992.84,Extreme Greed
1359,2021-10-21,45908121370,62210.17,Extreme Greed
1360,2021-10-22,38434082775,60692.27,Greed
1361,2021-10-23,26882546034,61393.62,Greed
1362,2021-10-24,27316183882,60930.84,Greed
1363,2021-10-25,31064911614,63039.82,Greed
1364,2021-10-26,34878965587,60363.79,Extreme Greed
1365,2021-10-27,43657076893,58482.39,Greed
1366,2021-10-28,45257083247,60622.14,Greed
1367,2021-10-29,36856881767,62227.96,Greed
1368,2021-10-30,32157938616,61888.83,Greed
1369,2021-10-31,32241199927,61318.96,Greed
1370,2021-11-01,36150572843,61004.41,Greed
1371,2021-11-02,37746665647,63226.40,Greed
1372,2021-11-03,36124731509,62970.05,Extreme Greed
1373,2021-11-04,32615846901,61452.23,Greed
1374,2021-11-05,30605102446,61125.68,Greed
1375,2021-11-06,29094934221,61527.48,Greed
1376,2021-11-07,24726754302,63326.99,Greed
1377,2021-11-08,41125608330,67566.83,Greed
1378,2021-11-09,42357991721,66971.83,Extreme Greed
1379,2021-11-10,48730828378,64995.23,Greed
1380,2021-11-11,35880633236,64949.96,Extreme Greed
1381,2021-11-12,36084893887,64155.94,Greed
1382,2021-11-13,30474228777,64469.53,Greed
1383,2021-11-14,25122092191,65466.84,Greed
1384,2021-11-15,30558763548,63557.87,Greed
1385,2021-11-16,46844335592,60161.25,Greed
1386,2021-11-17,39178392930,60368.01,Neutral
1387,2021-11-18,41388338699,56942.14,Neutral
1388,2021-11-19,38702407772,58119.58,Fear
1389,2021-11-20,30624264863,59697.20,Fear
1390,2021-11-21,26123447605,58730.48,Neutral
1391,2021-11-22,35036121783,56289.29,Neutral
1392,2021-11-23,37485803899,57569.07,Fear
1393,2021-11-24,36635566789,56280.43,Fear
1394,2021-11-25,34284016248,57274.68,Fear
1395,2021-11-26,41810748221,53569.77,Neutral
1396,2021-11-27,30560857714,54815.08,Extreme Fear
1397,2021-11-28,28116886357,57248.46,Fear
1398,2021-11-29,32370840356,57806.57,Fear
1399,2021-11-30,36708594618,57005.43,Fear
1400,2021-12-01,36858195307,57229.83,Fear
1401,2021-12-02,32379968686,56477.82,Fear
1402,2021-12-03,39789134215,53598.25,Fear
1403,2021-12-04,61385677469,49200.70,Extreme Fear
1404,2021-12-05,37198201161,49368.85,Extreme Fear
1405,2021-12-06,37707308001,50582.63,Extreme Fear
1406,2021-12-07,33676814852,50700.09,Extreme Fear
1407,2021-12-08,28479699446,50504.80,Fear
1408,2021-12-09,29603577251,47672.12,Fear
1409,2021-12-10,30966005122,47243.30,Extreme Fear
1410,2021-12-11,25775869261,49362.51,Extreme Fear
1411,2021-12-12,21939223599,50098.34,Fear
1412,2021-12-13,32166727776,46737.48,Fear
1413,2021-12-14,34638619079,46612.63,Extreme Fear
1414,2021-12-15,36541828520,48896.72,Fear
1415,2021-12-16,27268150947,47665.43,Fear
1416,2021-12-17,32902725329,46202.14,Extreme Fear
1417,2021-12-18,26098292690,46848.78,Extreme Fear
1418,2021-12-19,25154053861,46707.02,Fear
1419,2021-12-20,30961902129,46880.28,Extreme Fear
1420,2021-12-21,27055803928,48936.61,Fear
1421,2021-12-22,24447979559,48628.51,Fear
1422,2021-12-23,28223878108,50784.54,Fear
1423,2021-12-24,24367912228,50822.20,Fear
1424,2021-12-25,19030650914,50429.86,Fear
1425,2021-12-26,20964372926,50809.52,Fear
1426,2021-12-27,24324345758,50640.42,Fear
1427,2021-12-28,33430376883,47588.86,Fear
1428,2021-12-29,30049226299,46444.71,Fear
1429,2021-12-30,26686491018,47178.13,Extreme Fear
1430,2021-12-31,36974172400,46306.45,Fear
1431,2022-01-01,24582667004,47686.81,Extreme Fear
1432,2022-01-02,27951569547,47345.22,Fear
1433,2022-01-03,33071628362,46458.12,Fear
1434,2022-01-04,42494677905,45897.57,Extreme Fear
1435,2022-01-05,36851084859,43569.00,Extreme Fear
1436,2022-01-06,30208048289,43160.93,Extreme Fear
1437,2022-01-07,84196607520,41557.90,Extreme Fear
1438,2022-01-08,28066355845,41733.94,Extreme Fear
1439,2022-01-09,21294384372,41911.60,Extreme Fear
1440,2022-01-10,32104232331,41821.26,Extreme Fear
1441,2022-01-11,26327648900,42735.86,Extreme Fear
1442,2022-01-12,33499938689,43949.10,Extreme Fear
1443,2022-01-13,47691135082,42591.57,Extreme Fear
1444,2022-01-14,23577403399,43099.70,Extreme Fear
1445,2022-01-15,18371348298,43177.40,Extreme Fear
1446,2022-01-16,17902097845,43113.88,Extreme Fear
1447,2022-01-17,21690904261,42250.55,Extreme Fear
1448,2022-01-18,22417209227,42375.63,Extreme Fear
1449,2022-01-19,23091543258,41744.33,Extreme Fear
1450,2022-01-20,20382033940,40680.42,Extreme Fear
1451,2022-01-21,43011992031,36457.32,Extreme Fear
1452,2022-01-22,39714385405,35030.25,Extreme Fear
1453,2022-01-23,26017975951,36276.80,Extreme Fear
1454,2022-01-24,41856658597,36654.33,Extreme Fear
1455,2022-01-25,26428189594,36954.00,Extreme Fear
1456,2022-01-26,31324598034,36852.12,Extreme Fear
1457,2022-01-27,25041426629,37138.23,Extreme Fear
1458,2022-01-28,22238830523,37784.33,Extreme Fear
1459,2022-01-29,17194183075,38138.18,Extreme Fear
1460,2022-01-30,14643548444,37917.60,Fear
1461,2022-01-31,20734730465,38483.13,Extreme Fear
1462,2022-02-01,20288500328,38743.27,Fear
1463,2022-02-02,19155189416,36952.98,Fear
1464,2022-02-03,18591534769,37154.60,Extreme Fear
1465,2022-02-04,29412210792,41500.88,Extreme Fear
1466,2022-02-05,19652846215,41441.16,Fear
1467,2022-02-06,16142097334,42412.43,Fear
1468,2022-02-07,28641855926,43840.29,Fear
1469,2022-02-08,33079398868,44118.45,Neutral
1470,2022-02-09,23245887300,44338.80,Neutral
1471,2022-02-10,32142048537,43565.11,Neutral
1472,2022-02-11,26954925781,42407.94,Neutral
1473,2022-02-12,18152390304,42244.47,Fear
1474,2022-02-13,14741589015,42197.52,Fear
1475,2022-02-14,20827783012,42586.92,Fear
1476,2022-02-15,22721659051,44575.20,Fear
1477,2022-02-16,19792547657,43961.86,Neutral
1478,2022-02-17,26246662813,40538.01,Neutral
1479,2022-02-18,23310007704,40030.98,Fear
1480,2022-02-19,13736557863,40122.16,Extreme Fear
1481,2022-02-20,18340576452,38431.38,Fear
1482,2022-02-21,29280402798,37075.28,Extreme Fear
1483,2022-02-22,25493150450,38286.03,Extreme Fear
1484,2022-02-23,21849073843,37296.57,Extreme Fear
1485,2022-02-24,46383802093,38332.61,Extreme Fear
1486,2022-02-25,26545599159,39214.22,Fear
1487,2022-02-26,17467554129,39105.15,Fear
1488,2022-02-27,23450127612,37709.79,Fear
1489,2022-02-28,35690014104,43193.23,Extreme Fear
1490,2022-03-01,32479047645,44354.64,Neutral
1491,2022-03-02,29183112630,43924.12,Neutral
1492,2022-03-03,24967782593,42451.79,Fear
1493,2022-03-04,28516271427,39137.61,Fear
1494,2022-03-05,16975917450,39400.59,Extreme Fear
1495,2022-03-06,19745229902,38419.98,Extreme Fear
1496,2022-03-07,28546143503,38062.04,Extreme Fear
1497,2022-03-08,25776583476,38737.27,Extreme Fear
1498,2022-03-09,32284121034,41982.93,Extreme Fear
1499,2022-03-10,31078064711,39437.46,Fear
1500,2022-03-11,26364890465,38794.97,Extreme Fear
1501,2022-03-12,14616450657,38904.01,Extreme Fear
1502,2022-03-13,17300745310,37849.66,Extreme Fear
1503,2022-03-14,24322159070,39666.75,Extreme Fear
1504,2022-03-15,23934000868,39338.79,Extreme Fear
1505,2022-03-16,39616916192,41143.93,Extreme Fear
1506,2022-03-17,22009601093,40951.38,Fear
1507,2022-03-18,34421564942,41801.16,Extreme Fear
1508,2022-03-19,19664853187,42190.65,Fear
1509,2022-03-20,20127946682,41247.82,Fear
1510,2022-03-21,24615543271,41078.00,Fear
1511,2022-03-22,32004652376,42358.81,Fear
1512,2022-03-23,25242943069,42892.96,Fear
1513,2022-03-24,31042992291,43960.93,Fear
1514,2022-03-25,30574413034,44348.73,Neutral
1515,2022-03-26,16950455995,44500.83,Neutral
1516,2022-03-27,28160889722,46820.49,Neutral
1517,2022-03-28,36362175703,47128.00,Greed
1518,2022-03-29,31397059069,47465.73,Greed
1519,2022-03-30,29333883962,47062.66,Greed
1520,2022-03-31,33327427106,45538.68,Neutral
1521,2022-04-01,38162644287,46281.64,Neutral
1522,2022-04-02,29336594194,45868.95,Neutral
1523,2022-04-03,25414397610,46453.57,Neutral
1524,2022-04-04,32499785455,46622.68,Neutral
1525,2022-04-05,29640604055,45555.99,Neutral
1526,2022-04-06,39393395788,43206.74,Neutral
1527,2022-04-07,26101973106,43503.85,Fear
1528,2022-04-08,27215995394,42287.66,Fear
1529,2022-04-09,16050772496,42782.14,Fear
1530,2022-04-10,17654475582,42207.67,Fear
1531,2022-04-11,33949912166,39521.90,Fear
1532,2022-04-12,30991500854,40127.18,Extreme Fear
1533,2022-04-13,27691105228,41166.73,Extreme Fear
1534,2022-04-14,24342001973,39935.52,Fear
1535,2022-04-15,21756855753,40553.46,Extreme Fear
1536,2022-04-16,16833150693,40424.48,Fear
1537,2022-04-17,19087633042,39716.95,Fear
1538,2022-04-18,33705182072,40826.21,Extreme Fear
1539,2022-04-19,25303206547,41502.75,Fear
1540,2022-04-20,27819532341,41374.38,Fear
1541,2022-04-21,35372786395,40527.36,Fear
1542,2022-04-22,28011716745,39740.32,Fear
1543,2022-04-23,16138021249,39486.73,Extreme Fear
1544,2022-04-24,17964398167,39469.29,Extreme Fear
1545,2022-04-25,35445730570,40458.31,Extreme Fear
1546,2022-04-26,34569088416,38117.46,Fear
1547,2022-04-27,30981015184,39241.12,Extreme Fear
1548,2022-04-28,33903704907,39773.83,Extreme Fear
1549,2022-04-29,30882994649,38609.82,Extreme Fear
1550,2022-04-30,23895713731,37714.88,Extreme Fear
1551,2022-05-01,27002760110,38469.09,Extreme Fear
1552,2022-05-02,32922642426,38529.33,Fear
1553,2022-05-03,27326943244,37750.45,Fear
1554,2022-05-04,36754404490,39698.37,Extreme Fear
1555,2022-05-05,43106256317,36575.14,Fear
1556,2022-05-06,37795577489,36040.92,Extreme Fear
1557,2022-05-07,24375896406,35501.95,Extreme Fear
1558,2022-05-08,36763041910,34059.27,Extreme Fear
1559,2022-05-09,63355494961,30296.95,Extreme Fear
1560,2022-05-10,59811038817,31022.91,Extreme Fear
1561,2022-05-11,70388855818,28936.36,Extreme Fear
1562,2022-05-12,66989173272,29047.75,Extreme Fear
1563,2022-05-13,42841124537,29283.10,Extreme Fear
1564,2022-05-14,28579868620,30101.27,Extreme Fear
1565,2022-05-15,25835372065,31305.11,Extreme Fear
1566,2022-05-16,32613897286,29862.92,Extreme Fear
1567,2022-05-17,29101473475,30425.86,Extreme Fear
1568,2022-05-18,31285268319,28720.27,Extreme Fear
1569,2022-05-19,33773447707,30314.33,Extreme Fear
1570,2022-05-20,30749382605,29200.74,Extreme Fear
1571,2022-05-21,17274840442,29432.23,Extreme Fear
1572,2022-05-22,21631532270,30323.72,Extreme Fear
1573,2022-05-23,31483454557,29098.91,Extreme Fear
1574,2022-05-24,26616506245,29655.59,Extreme Fear
1575,2022-05-25,27525063551,29562.36,Extreme Fear
1576,2022-05-26,36774325352,29267.22,Extreme Fear
1577,2022-05-27,36582005748,28627.57,Extreme Fear
1578,2022-05-28,35519577634,28814.90,Extreme Fear
1579,2022-05-29,18093886409,29445.96,Extreme Fear
1580,2022-05-30,39277993274,31726.39,Extreme Fear
1581,2022-05-31,33538210634,31792.31,Extreme Fear
1582,2022-06-01,41135817341,29799.08,Extreme Fear
1583,2022-06-02,29083562061,30467.49,Extreme Fear
1584,2022-06-03,26175547452,29704.39,Extreme Fear
1585,2022-06-04,16588370958,29832.91,Extreme Fear
1586,2022-06-05,17264085441,29906.66,Extreme Fear
1587,2022-06-06,31947336829,31370.67,Extreme Fear
1588,2022-06-07,40770974039,31155.48,Extreme Fear
1589,2022-06-08,30242059107,30214.36,Extreme Fear
1590,2022-06-09,21692004719,30112.00,Extreme Fear
1591,2022-06-10,29867476527,29083.80,Extreme Fear
1592,2022-06-11,27246574439,28360.81,Extreme Fear
1593,2022-06-12,34163220274,26762.65,Extreme Fear
1594,2022-06-13,68204556440,22487.39,Extreme Fear
1595,2022-06-14,50913575242,22206.79,Extreme Fear
1596,2022-06-15,54912007015,22572.84,Extreme Fear
1597,2022-06-16,31183975654,20381.65,Extreme Fear
1598,2022-06-17,27132421514,20471.48,Extreme Fear
1599,2022-06-18,42009436760,19017.64,Extreme Fear
1600,2022-06-19,35329942625,20553.27,Extreme Fear
1601,2022-06-20,30818458597,20599.54,Extreme Fear
1602,2022-06-21,28970212744,20710.60,Extreme Fear
1603,2022-06-22,28574793478,19987.03,Extreme Fear
1604,2022-06-23,26188097173,21085.88,Extreme Fear
1605,2022-06-24,24957784918,21231.66,Extreme Fear
1606,2022-06-25,18372538715,21502.34,Extreme Fear
1607,2022-06-26,18027170497,21027.29,Extreme Fear
1608,2022-06-27,20965695707,20735.48,Extreme Fear
1609,2022-06-28,21381535161,20280.63,Extreme Fear
1610,2022-06-29,23552740328,20104.02,Extreme Fear
1611,2022-06-30,26267239923,19784.73,Extreme Fear
1612,2022-07-01,30767551159,19269.37,Extreme Fear
1613,2022-07-02,18100418740,19242.26,Extreme Fear
1614,2022-07-03,16390821947,19297.08,Extreme Fear
1615,2022-07-04,21594638208,20231.26,Extreme Fear
1616,2022-07-05,26715546990,20190.12,Extreme Fear
1617,2022-07-06,24598943708,20548.25,Extreme Fear
1618,2022-07-07,25814972520,21637.59,Extreme Fear
1619,2022-07-08,49899834488,21731.12,Extreme Fear
1620,2022-07-09,29641127858,21592.21,Extreme Fear
1621,2022-07-10,28688807249,20860.45,Extreme Fear
1622,2022-07-11,24150249025,19970.56,Extreme Fear
1623,2022-07-12,25810220018,19323.91,Extreme Fear
1624,2022-07-13,33042430345,20212.07,Extreme Fear
1625,2022-07-14,31158743333,20569.92,Extreme Fear
1626,2022-07-15,25905575359,20836.33,Extreme Fear
1627,2022-07-16,24302954056,21190.32,Extreme Fear
1628,2022-07-17,22927802083,20779.34,Extreme Fear
1629,2022-07-18,39974475562,22485.69,Extreme Fear
1630,2022-07-19,48765202697,23389.43,Fear
1631,2022-07-20,42932549127,23231.73,Fear
1632,2022-07-21,33631012204,23164.63,Fear
1633,2022-07-22,31421555646,22714.98,Fear
1634,2022-07-23,24021799169,22465.48,Fear
1635,2022-07-24,23565495303,22609.16,Fear
1636,2022-07-25,35574561406,21361.70,Fear
1637,2022-07-26,28624673855,21239.75,Fear
1638,2022-07-27,31758955233,22930.55,Fear
1639,2022-07-28,40212386158,23843.89,Fear
1640,2022-07-29,35887249746,23804.63,Fear
1641,2022-07-30,28148218301,23656.21,Fear
1642,2022-07-31,23553591896,23336.90,Fear
1643,2022-08-01,25849159141,23314.20,Fear
1644,2022-08-02,28389250717,22978.12,Fear
1645,2022-08-03,26288169966,22846.51,Fear
1646,2022-08-04,25120229769,22630.96,Fear
1647,2022-08-05,28881249043,23289.31,Fear
1648,2022-08-06,15978259885,22961.28,Fear
1649,2022-08-07,15886817043,23175.89,Fear
1650,2022-08-08,28575544847,23809.49,Fear
1651,2022-08-09,23555719219,23164.32,Fear
1652,2022-08-10,32837431722,23947.64,Fear
1653,2022-08-11,37127036580,23957.53,Fear
1654,2022-08-12,27265804688,24402.82,Fear
1655,2022-08-13,22987346289,24424.07,Fear
1656,2022-08-14,22994133555,24319.33,Neutral
1657,2022-08-15,35123501685,24136.97,Fear
1658,2022-08-16,27753685646,23883.29,Fear
1659,2022-08-17,30931623076,23336.00,Fear
1660,2022-08-18,23747613147,23212.74,Fear
1661,2022-08-19,40509610260,20877.55,Fear
1662,2022-08-20,27595671000,21166.06,Fear
1663,2022-08-21,23102307723,21534.12,Fear
1664,2022-08-22,31666498758,21398.91,Fear
1665,2022-08-23,31878280659,21528.09,Fear
1666,2022-08-24,31962253368,21395.02,Extreme Fear
1667,2022-08-25,31028679593,21600.90,Extreme Fear
1668,2022-08-26,42326789564,20260.02,Fear
1669,2022-08-27,30116729776,20041.74,Fear
1670,2022-08-28,24366810591,19616.81,Fear
1671,2022-08-29,32637854078,20297.99,Extreme Fear
1672,2022-08-30,34483360283,19796.81,Fear
1673,2022-08-31,33225232872,20049.76,Extreme Fear
1674,2022-09-01,30182031010,20127.14,Extreme Fear
1675,2022-09-02,29123998928,19969.77,Extreme Fear
1676,2022-09-03,23613051457,19832.09,Extreme Fear
1677,2022-09-04,25245861652,19986.71,Extreme Fear
1678,2022-09-05,28813460025,19812.37,Extreme Fear
1679,2022-09-06,43403978910,18837.67,Extreme Fear
1680,2022-09-07,35239757134,19290.32,Extreme Fear
1681,2022-09-08,32194477850,19329.83,Extreme Fear
1682,2022-09-09,48469528171,21381.15,Extreme Fear
1683,2022-09-10,36913738894,21680.54,Fear
1684,2022-09-11,34493951963,21769.26,Fear
1685,2022-09-12,50212088965,22370.45,Extreme Fear
1686,2022-09-13,51091116622,20296.71,Fear
1687,2022-09-14,37872380889,20241.09,Fear
1688,2022-09-15,36389011503,19701.21,Fear
1689,2022-09-16,30123362273,19772.58,Extreme Fear
1690,2022-09-17,24957448100,20127.58,Extreme Fear
1691,2022-09-18,31254779144,19419.51,Fear
1692,2022-09-19,40177002624,19544.13,Extreme Fear
1693,2022-09-20,36791346508,18890.79,Extreme Fear
1694,2022-09-21,46363793975,18547.40,Extreme Fear
1695,2022-09-22,41135767926,19413.55,Extreme Fear
1696,2022-09-23,38896078052,19297.64,Extreme Fear
1697,2022-09-24,26149643168,18937.01,Extreme Fear
1698,2022-09-25,23359966112,18802.10,Extreme Fear
1699,2022-09-26,44148798321,19222.67,Extreme Fear
1700,2022-09-27,58571439619,19110.55,Extreme Fear
1701,2022-09-28,53071298734,19426.72,Extreme Fear
1702,2022-09-29,41037843771,19573.05,Extreme Fear
1703,2022-09-30,43975248085,19431.79,Extreme Fear
1704,2022-10-01,18719537670,19312.10,Extreme Fear
1705,2022-10-02,20765955327,19044.11,Extreme Fear
1706,2022-10-03,30484729489,19623.58,Extreme Fear
1707,2022-10-04,35887278685,20336.84,Extreme Fear
1708,2022-10-05,33223790572,20160.72,Extreme Fear
1709,2022-10-06,34711412966,19955.44,Fear
1710,2022-10-07,29227315390,19546.85,Extreme Fear
1711,2022-10-08,16437423167,19416.57,Extreme Fear
1712,2022-10-09,16837262532,19446.43,Extreme Fear
1713,2022-10-10,27425022774,19141.48,Extreme Fear
1714,2022-10-11,28711532910,19051.42,Extreme Fear
1715,2022-10-12,24950173846,19157.45,Extreme Fear
1716,2022-10-13,44219840004,19382.90,Extreme Fear
1717,2022-10-14,38452356727,19185.66,Extreme Fear
1718,2022-10-15,16192235532,19067.63,Extreme Fear
1719,2022-10-16,17988916650,19268.09,Extreme Fear
1720,2022-10-17,27472552998,19550.76,Extreme Fear
1721,2022-10-18,30580012344,19334.42,Extreme Fear
1722,2022-10-19,22425387184,19139.54,Extreme Fear
1723,2022-10-20,24493974420,19053.74,Extreme Fear
1724,2022-10-21,32459287866,19172.47,Extreme Fear
1725,2022-10-22,16104440957,19208.19,Extreme Fear
1726,2022-10-23,22128794335,19567.01,Extreme Fear
1727,2022-10-24,30202235805,19345.57,Extreme Fear
1728,2022-10-25,47761524910,20095.86,Extreme Fear
1729,2022-10-26,58895950537,20770.44,Fear
1730,2022-10-27,49625110402,20285.84,Fear
1731,2022-10-28,43994715910,20595.35,Fear
1732,2022-10-29,40369840645,20818.48,Fear
1733,2022-10-30,31486345556,20635.60,Fear
1734,2022-10-31,45668466815,20495.77,Fear
1735,2022-11-01,39819303159,20485.27,Fear
1736,2022-11-02,55552169483,20159.50,Fear
1737,2022-11-03,43228750179,20209.99,Fear
1738,2022-11-04,64072727950,21147.23,Fear
1739,2022-11-05,37846047609,21282.69,Fear
1740,2022-11-06,35082693210,20926.49,Fear
1741,2022-11-07,53510852236,20602.82,Fear
1742,2022-11-08,118992465607,18541.27,Fear
1743,2022-11-09,102905151606,15880.78,Fear
1744,2022-11-10,83202283721,17586.77,Extreme Fear
1745,2022-11-11,55871616488,17034.29,Extreme Fear
1746,2022-11-12,29717699419,16799.19,Extreme Fear
1747,2022-11-13,27209183682,16353.37,Extreme Fear
1748,2022-11-14,49630243054,16618.20,Extreme Fear
1749,2022-11-15,36599436183,16884.61,Extreme Fear
1750,2022-11-16,33925512989,16669.44,Extreme Fear
1751,2022-11-17,27868914022,16687.52,Extreme Fear
1752,2022-11-18,26862218609,16697.78,Extreme Fear
1753,2022-11-19,16106223492,16711.55,Extreme Fear
1754,2022-11-20,21313378652,16291.83,Extreme Fear
1755,2022-11-21,37429485518,15787.28,Extreme Fear
1756,2022-11-22,30726828760,16189.77,Extreme Fear
1757,2022-11-23,32958875628,16610.71,Extreme Fear
1758,2022-11-24,26129037414,16604.46,Extreme Fear
1759,2022-11-25,18678255976,16521.84,Extreme Fear
1760,2022-11-26,18000008764,16464.28,Extreme Fear
1761,2022-11-27,20443898509,16444.63,Fear
1762,2022-11-28,27743025156,16217.32,Fear
1763,2022-11-29,23581685468,16444.98,Fear
1764,2022-11-30,29523576583,17168.57,Fear
1765,2022-12-01,22895392882,16967.13,Fear
1766,2022-12-02,19539705127,17088.66,Fear
1767,2022-12-03,16217776704,16908.24,Fear
1768,2022-12-04,16824520830,17130.49,Fear
1769,2022-12-05,22209086834,16974.83,Fear
1770,2022-12-06,19889922369,17089.50,Extreme Fear
1771,2022-12-07,19675404389,16848.13,Fear
1772,2022-12-08,20496603770,17233.47,Extreme Fear
1773,2022-12-09,20328426366,17133.15,Fear
1774,2022-12-10,12706781969,17128.72,Fear
1775,2022-12-11,14122486832,17104.19,Fear
1776,2022-12-12,19617581341,17206.44,Fear
1777,2022-12-13,26634741631,17781.32,Fear
1778,2022-12-14,25534481470,17815.65,Fear
1779,2022-12-15,20964448341,17364.87,Fear
1780,2022-12-16,24031608960,16647.48,Fear
1781,2022-12-17,14463581825,16795.09,Fear
1782,2022-12-18,10924354698,16757.98,Fear
1783,2022-12-19,17221074814,16439.68,Fear
1784,2022-12-20,22722096615,16906.30,Fear
1785,2022-12-21,14882945045,16817.54,Fear
1786,2022-12-22,16441573050,16830.34,Fear
1787,2022-12-23,15329265213,16796.95,Fear
1788,2022-12-24,9744636213,16847.76,Fear
1789,2022-12-25,11656379938,16841.99,Fear
1790,2022-12-26,11886957804,16919.80,Fear
1791,2022-12-27,15748580239,16717.17,Fear
1792,2022-12-28,17005713920,16552.57,Fear
1793,2022-12-29,14472237479,16642.34,Fear
1794,2022-12-30,15929162910,16602.59,Fear
1795,2022-12-31,11239186456,16547.50,Extreme Fear
1796,2023-01-01,9244361700,16625.08,Fear
1797,2023-01-02,12097775227,16688.47,Fear
1798,2023-01-03,13903079207,16679.86,Fear
1799,2023-01-04,18421743322,16863.24,Fear
1800,2023-01-05,13692758566,16836.74,Fear
1801,2023-01-06,14413662913,16951.97,Fear
1802,2023-01-07,7714767174,16955.08,Extreme Fear
1803,2023-01-08,9768827914,17091.14,Extreme Fear
1804,2023-01-09,18624736866,17196.55,Extreme Fear
1805,2023-01-10,15808338949,17446.29,Fear
1806,2023-01-11,18372283782,17934.90,Fear
1807,2023-01-12,34971338710,18869.59,Fear
1808,2023-01-13,29225029694,19909.57,Fear
1809,2023-01-14,38967784639,20976.30,Fear
1810,2023-01-15,19298407543,20880.80,Neutral
1811,2023-01-16,26792494050,21169.63,Fear
1812,2023-01-17,24999983362,21161.52,Neutral
1813,2023-01-18,30005625418,20688.78,Neutral
1814,2023-01-19,21152848261,21086.79,Fear
1815,2023-01-20,28799154319,22676.55,Neutral
1816,2023-01-21,32442278429,22777.63,Neutral
1817,2023-01-22,24746386230,22720.42,Neutral
1818,2023-01-23,26518700512,22934.43,Neutral
1819,2023-01-24,26405069715,22636.47,Neutral
1820,2023-01-25,30685366709,23117.86,Neutral
1821,2023-01-26,26357839322,23032.78,Neutral
1822,2023-01-27,25383335641,23078.73,Greed
1823,2023-01-28,14712928379,23031.09,Neutral
1824,2023-01-29,27423687259,23774.57,Greed
1825,2023-01-30,27205595568,22840.14,Greed
1826,2023-01-31,22837828665,23139.28,Neutral
1827,2023-02-01,26683255504,23723.77,Greed
1828,2023-02-02,32066936882,23471.87,Greed
1829,2023-02-03,27083066007,23449.32,Greed
1830,2023-02-04,15639298538,23331.85,Greed
1831,2023-02-05,19564262605,22955.67,Greed
1832,2023-02-06,23825006542,22760.11,Greed
1833,2023-02-07,27187964471,23264.29,Neutral
1834,2023-02-08,25371367758,22939.40,Greed
1835,2023-02-09,32572572185,21819.04,Greed
1836,2023-02-10,27078406594,21651.18,Neutral
1837,2023-02-11,16356226232,21870.88,Neutral
1838,2023-02-12,17821046406,21788.20,Neutral
1839,2023-02-13,23918742607,21808.10,Neutral
1840,2023-02-14,26792596581,22220.80,Neutral
1841,2023-02-15,32483312909,24307.84,Neutral
1842,2023-02-16,39316664596,23623.47,Greed
1843,2023-02-17,41358451255,24565.60,Greed
1844,2023-02-18,19625427158,24641.28,Greed
1845,2023-02-19,25555105670,24327.64,Greed
1846,2023-02-20,28987376573,24829.15,Greed
1847,2023-02-21,31252098714,24436.35,Greed
1848,2023-02-22,30199996781,24188.84,Greed
1849,2023-02-23,30476264066,23947.49,Greed
1850,2023-02-24,26811744928,23198.13,Neutral
1851,2023-02-25,16100721565,23175.38,Neutral
1852,2023-02-26,16644534842,23561.21,Neutral
1853,2023-02-27,22660763494,23522.87,Neutral
1854,2023-02-28,20535363434,23147.35,Neutral
1855,2023-03-01,24662841200,23646.55,Neutral
1856,2023-03-02,20386398516,23475.47,Neutral
1857,2023-03-03,26062404610,22362.68,Neutral
1858,2023-03-04,11166012913,22353.35,Neutral
1859,2023-03-05,13317001733,22435.51,Neutral
1860,2023-03-06,17353192895,22429.76,Neutral
1861,2023-03-07,22765452204,22219.77,Neutral
1862,2023-03-08,22536575684,21718.08,Neutral
1863,2023-03-09,30364664171,20363.02,Fear
1864,2023-03-10,39578257695,20187.24,Fear
1865,2023-03-11,30180288176,20632.41,Fear
1866,2023-03-12,29279035521,22163.95,Fear
1867,2023-03-13,49466362688,24197.53,Neutral
1868,2023-03-14,54622230164,24746.07,Greed
1869,2023-03-15,43655701450,24375.96,Neutral
1870,2023-03-16,33866061747,25052.79,Neutral
1871,2023-03-17,50730261335,27423.93,Neutral
1872,2023-03-18,35723036817,26965.88,Greed
1873,2023-03-19,37769448859,28038.68,Greed
1874,2023-03-20,44774027664,27767.24,Greed
1875,2023-03-21,36102192830,28175.82,Greed
1876,2023-03-22,33382021890,27307.44,Greed
1877,2023-03-23,24220433689,28333.97,Greed
1878,2023-03-24,25980310960,27493.29,Greed
1879,2023-03-25,13383005987,27494.71,Greed
1880,2023-03-26,13878363192,27994.33,Greed
1881,2023-03-27,18188895178,27139.89,Greed
1882,2023-03-28,17783600385,27268.13,Greed
1883,2023-03-29,20684945906,28348.44,Greed
1884,2023-03-30,22435349951,28033.56,Greed
1885,2023-03-31,19001327598,28478.48,Greed